geo,vid,estimate,estlb,estub,estse,estrse,pop,number,numlb,numub,numerator,denominator,indicator,year,datatype
Auburn-North,1000,14.0,8.0,23.0,3.72228446,25.958490999999999,38061,5500,3200,8900,28,295,medcost,2012,survey
Auburn-South,1100,21.0,13.0,34.0,5.36896827,25.215083,25274,5400,3200,8500,29,180,medcost,2012,survey
Ballard,2000,9.0,5.0,15.0,2.47033825,28.332279999999997,51489,4500,2500,7700,40,570,medcost,2012,survey
Beacon/Gtown/S.Park,2100,15.0,9.0,24.0,3.84977457,25.419076,39649,6000,3600,9600,31,288,medcost,2012,survey
Bear Creek/Carnation/Duvall,3000,9.0,5.0,14.0,2.17623308,25.306381000000002,64508,5500,3300,9000,34,556,medcost,2012,survey
Bellevue-Central,4000,15.0,9.0,23.0,3.49994928,23.278199000000001,35568,5300,3300,8300,26,301,medcost,2012,survey
Bellevue-NE,4100,9.0,5.0,17.0,2.89123457,31.977533000000001,34899,3200,1700,5800,23,328,medcost,2012,survey
Bellevue-South,4200,6.0,3.0,10.0,1.68045575,28.146023999999997,31530,1900,1100,3200,18,280,medcost,2012,survey
Bellevue-West,4300,9.0,5.0,14.0,2.29900066,26.493882000000003,28371,2500,1400,4100,18,277,medcost,2012,survey
Black Diamond/Enumclaw/SE County,5000,10.0,7.0,14.0,1.89686269,19.106572999999997,45386,4500,3100,6500,38,420,medcost,2012,survey
Bothell/Woodinville,6000,8.0,5.0,13.0,2.07637271,25.894509999999997,32984,2600,1600,4300,24,284,medcost,2012,survey
Burien,7000,19.0,14.0,25.0,3.01477415,16.079011000000001,47544,8900,6400,12100,81,642,medcost,2012,survey
Capitol Hill/E.lake,2200,18.0,12.0,26.0,3.41164526,19.005337000000001,45483,8200,5500,11700,54,478,medcost,2012,survey
Central Seattle,2300,20.0,13.0,30.0,4.23411405,21.004693,44572,9000,5800,13200,47,418,medcost,2012,survey
Covington/Maple Valley,8000,10.0,7.0,15.0,2.09369493,20.321876,54611,5600,3700,8300,40,459,medcost,2012,survey
Delridge,2400,16.0,10.0,25.0,3.67775186,22.992692999999999,30374,4900,3000,7500,34,279,medcost,2012,survey
Des Moines/Normandy Park,9000,19.0,13.0,26.0,3.48277501,18.758343,36146,6700,4600,9500,57,475,medcost,2012,survey
Downtown,2500,15.0,10.0,22.0,3.16938478,20.937823999999999,42927,6500,4300,9600,50,449,medcost,2012,survey
East Federal Way,10000,7.0,4.0,12.0,1.90469782,26.326022999999999,35164,2500,1500,4200,20,231,medcost,2012,survey
Fairwood,11000,11.0,5.0,21.0,3.86634585,36.54542,24068,2500,1200,5000,13,204,medcost,2012,survey
Fed Way-Central/Military Rd,10100,19.0,13.0,27.0,3.6314096,18.890196,56690,10900,7400,15500,47,374,medcost,2012,survey
Fed Way-Dash Point/Woodmont,10200,18.0,12.0,28.0,4.19271281,22.746327999999998,32692,6000,3800,9200,30,252,medcost,2012,survey
Fremont/Greenlake,2550,10.0,6.0,16.0,2.69674517,27.521062000000001,52761,5200,3000,8700,35,463,medcost,2012,survey
Issaquah,12000,11.0,4.0,24.0,4.70083873,43.889178999999999,30716,3300,1300,7300,12,260,medcost,2012,survey
Kenmore/LFP,13000,9.0,5.0,14.0,2.15016786,24.381003,34837,3100,1900,4900,28,388,medcost,2012,survey
Kent-East,14000,17.0,9.0,28.0,4.67454217,27.987848999999997,35921,6000,3400,10000,17,184,medcost,2012,survey
Kent-SE,14100,19.0,14.0,26.0,3.12380168,16.462387,55129,10500,7500,14300,58,408,medcost,2012,survey
Kent-West,14200,11.0,6.0,18.0,3.06691744,28.555944,27586,3000,1700,5100,22,187,medcost,2012,survey
Kirkland,15000,7.0,4.0,13.0,2.23060489,31.514765999999998,47811,3400,1800,6200,31,490,medcost,2012,survey
Kirkland North,15100,11.0,7.0,16.0,2.40837613,22.772584000000002,33738,3600,2300,5500,34,308,medcost,2012,survey
Mercer Isle/Pt Cities,16000,7.0,3.0,17.0,3.37173121,45.039122999999996,29951,2200,900,5200,12,356,medcost,2012,survey
NE Seattle,2600,9.0,6.0,14.0,2.05641852,23.026039000000001,65928,5900,3700,9100,39,648,medcost,2012,survey
Newcastle/Four Creeks,17000,11.0,5.0,20.0,3.60909982,33.661805999999999,27910,3000,1500,5600,19,245,medcost,2012,survey
North Highline,18000,23.0,13.0,39.0,6.69686805,28.498607,17416,4100,2200,6800,24,155,medcost,2012,survey
North Seattle,2700,12.0,8.0,19.0,2.82435215,23.184321000000001,44317,5400,3400,8400,47,488,medcost,2012,survey
98028,98028,47.2,42.2,52.3,,,,185,,,185,392,childvac1935,2013,vs
NW Seattle,2800,15.0,9.0,24.0,3.81761091,25.332663999999998,42889,6500,3900,10400,37,439,medcost,2012,survey
QA/Magnolia,2900,8.0,4.0,14.0,2.44989458,30.233861000000001,57851,4700,2600,8300,37,575,medcost,2012,survey
Redmond,19000,10.0,5.0,18.0,3.08843522,30.613853000000002,54331,5500,3000,9700,28,422,medcost,2012,survey
Renton-East,20000,12.0,7.0,20.0,3.36273391,28.162416,31031,3700,2100,6300,20,221,medcost,2012,survey
Renton-North,20100,14.0,7.0,24.0,4.13479722,30.081067999999998,28709,3900,2100,6900,20,190,medcost,2012,survey
Renton-South,20200,12.0,8.0,19.0,2.70380224,21.633020999999999,51460,6400,4200,9700,41,378,medcost,2012,survey
Sammamish,21000,7.0,4.0,14.0,2.47522548,33.283382000000003,46669,3500,1800,6500,21,397,medcost,2012,survey
SE Seattle,2950,16.0,10.0,25.0,3.58108283,22.053919999999998,41377,6700,4300,10100,53,458,medcost,2012,survey
SeaTac/Tukwila,22000,21.0,15.0,29.0,3.49966302,16.640741000000002,46190,9700,6900,13300,71,461,medcost,2012,survey
Shoreline,23000,14.0,9.0,21.0,2.81377745,19.930285000000001,53181,7500,5000,10900,51,539,medcost,2012,survey
98127,98127,,,,,,,,,,,,pqiacute,2011,vs
Snoqualmie/North Bend/Skykomish,24000,6.0,4.0,11.0,1.89804321,29.424035999999997,43219,2800,1600,4900,21,345,medcost,2012,survey
Vashon Island,25000,16.0,10.0,26.0,4.14474172,25.571408999999999,10739,1700,1000,2800,26,179,medcost,2012,survey
West Seattle,2960,12.0,8.0,17.0,2.34775751,19.845796,52945,6300,4200,9100,48,641,medcost,2012,survey
Auburn-North,1000,43.0,34.0,52.0,4.73650244,11.011832999999999,38061,16400,13000,20000,99,292,chkup1yr,2012,survey
Auburn-South,1100,42.0,31.0,54.0,5.87229956,13.916695000000001,25274,10700,7900,13600,61,177,chkup1yr,2012,survey
Ballard,2000,44.0,36.0,51.0,3.75513686,8.627609,51489,22400,18700,26200,201,569,chkup1yr,2012,survey
Beacon/Gtown/S.Park,2100,41.0,32.0,51.0,4.84956711,11.786621,39649,16300,12700,20200,106,286,chkup1yr,2012,survey
Bear Creek/Carnation/Duvall,3000,42.0,36.0,49.0,3.43154414,8.12223,64508,27300,23000,31700,199,550,chkup1yr,2012,survey
Bellevue-Central,4000,34.0,27.0,43.0,4.20532605,12.291416,35568,12200,9400,15200,99,298,chkup1yr,2012,survey
Bellevue-NE,4100,37.0,30.0,46.0,4.09979749,11.020994999999999,34899,13000,10300,15900,106,325,chkup1yr,2012,survey
Bellevue-South,4200,40.0,32.0,49.0,4.33731379,10.845231,31530,12600,10000,15400,94,277,chkup1yr,2012,survey
Bellevue-West,4300,37.0,27.0,47.0,5.17783189,14.183314999999999,28371,10400,7700,13400,79,274,chkup1yr,2012,survey
Black Diamond/Enumclaw/SE County,5000,41.0,33.0,48.0,3.82905054,9.438804000000001,45386,18400,15100,21900,143,415,chkup1yr,2012,survey
Bothell/Woodinville,6000,35.0,26.0,44.0,4.62029861,13.321807,32984,11400,8700,14600,83,281,chkup1yr,2012,survey
Burien,7000,39.0,32.0,46.0,3.64975845,9.333435,47544,18600,15300,22100,218,635,chkup1yr,2012,survey
Capitol Hill/E.lake,2200,43.0,35.0,51.0,4.13313865,9.676781,45483,19400,15900,23200,157,471,chkup1yr,2012,survey
Central Seattle,2300,47.0,39.0,56.0,4.51833781,9.527330000000001,44572,21100,17300,25100,154,416,chkup1yr,2012,survey
Covington/Maple Valley,8000,39.0,32.0,46.0,3.77037172,9.714174,54611,21200,17300,25300,144,446,chkup1yr,2012,survey
Delridge,2400,44.0,35.0,53.0,4.66738796,10.694857000000001,30374,13300,10600,16100,103,274,chkup1yr,2012,survey
Des Moines/Normandy Park,9000,42.0,34.0,51.0,4.24177807,10.054915000000001,36146,15200,12300,18300,157,471,chkup1yr,2012,survey
Downtown,2500,39.0,31.0,47.0,4.09289998,10.471719999999999,42927,16800,13500,20300,145,444,chkup1yr,2012,survey
East Federal Way,10000,40.0,29.0,51.0,5.57952777,14.075661999999999,35164,13900,10300,17900,77,230,chkup1yr,2012,survey
Fairwood,11000,46.0,34.0,58.0,6.09239767,13.321216,24068,11000,8200,13900,66,204,chkup1yr,2012,survey
Fed Way-Central/Military Rd,10100,35.0,28.0,43.0,3.7073265,10.502862,56690,20000,16100,24300,120,367,chkup1yr,2012,survey
Fed Way-Dash Point/Woodmont,10200,39.0,30.0,49.0,5.13742843,13.156076000000001,32692,12800,9700,16200,69,250,chkup1yr,2012,survey
Fremont/Greenlake,2550,47.0,39.0,55.0,4.13416382,8.751000000000001,52761,24900,20700,29200,176,454,chkup1yr,2012,survey
Issaquah,12000,36.0,27.0,46.0,5.14271906,14.312220999999999,30716,11000,8200,14300,81,258,chkup1yr,2012,survey
Kenmore/LFP,13000,37.0,29.0,45.0,4.26006325,11.642455999999999,34837,12700,10000,15800,124,381,chkup1yr,2012,survey
Kent-East,14000,43.0,33.0,54.0,5.40422264,12.619089000000001,35921,15400,11700,19200,64,181,chkup1yr,2012,survey
Kent-SE,14100,38.0,31.0,45.0,3.66435255,9.688479999999998,55129,20900,17100,24900,136,403,chkup1yr,2012,survey
Kent-West,14200,49.0,37.0,61.0,6.19838705,12.720946999999999,27586,13400,10200,16700,60,183,chkup1yr,2012,survey
Kirkland,15000,37.0,30.0,44.0,3.52568068,9.56615,47811,17600,14500,21000,157,479,chkup1yr,2012,survey
Kirkland North,15100,31.0,25.0,38.0,3.52693545,11.330427999999999,33738,10500,8300,13000,106,305,chkup1yr,2012,survey
Mercer Isle/Pt Cities,16000,29.0,23.0,37.0,3.65779278,12.545086,29951,8700,6700,11000,93,354,chkup1yr,2012,survey
NE Seattle,2600,40.0,34.0,47.0,3.36700547,8.340748000000001,65928,26600,22400,31100,214,642,chkup1yr,2012,survey
Newcastle/Four Creeks,17000,32.0,24.0,41.0,4.39558479,13.69572,27910,9000,6700,11500,78,243,chkup1yr,2012,survey
North Highline,18000,38.0,24.0,54.0,7.8394667,20.500333000000001,17416,6700,4300,9500,59,154,chkup1yr,2012,survey
North Seattle,2700,40.0,33.0,48.0,4.00478434,9.901909999999999,44317,17900,14600,21500,157,479,chkup1yr,2012,survey
NW Seattle,2800,37.0,30.0,44.0,3.69719894,10.062633,42889,15800,12800,19000,151,437,chkup1yr,2012,survey
QA/Magnolia,2900,34.0,28.0,41.0,3.30838115,9.754296,57851,19600,16100,23500,187,568,chkup1yr,2012,survey
Redmond,19000,37.0,30.0,45.0,3.95230664,10.719565000000001,54331,20000,16000,24400,129,415,chkup1yr,2012,survey
Renton-East,20000,40.0,31.0,49.0,4.64842308,11.68525,31031,12300,9700,15200,72,220,chkup1yr,2012,survey
Renton-North,20100,48.0,36.0,60.0,6.11355216,12.830663000000001,28709,13700,10300,17100,72,189,chkup1yr,2012,survey
Renton-South,20200,30.0,24.0,38.0,3.55147261,11.681821000000001,51460,15600,12300,19400,111,369,chkup1yr,2012,survey
98129,98129,,,,,,,,,,,,pqiacute,2011,vs
Sammamish,21000,36.0,29.0,43.0,3.41959654,9.532852,46669,16700,13800,20000,135,394,chkup1yr,2012,survey
SE Seattle,2950,38.0,30.0,47.0,4.31753965,11.395439999999999,41377,15700,12400,19300,149,454,chkup1yr,2012,survey
SeaTac/Tukwila,22000,39.0,31.0,47.0,4.03662908,10.449393000000001,46190,17800,14400,21600,165,455,chkup1yr,2012,survey
Shoreline,23000,39.0,33.0,46.0,3.52121383,8.943231000000001,53181,20900,17400,24700,179,533,chkup1yr,2012,survey
Snoqualmie/North Bend/Skykomish,24000,41.0,33.0,49.0,4.16888467,10.220193,43219,17600,14200,21200,125,336,chkup1yr,2012,survey
Vashon Island,25000,47.0,35.0,60.0,6.37456881,13.446362000000001,10739,5100,3800,6400,60,178,chkup1yr,2012,survey
West Seattle,2960,39.0,33.0,45.0,3.14215162,8.146951,52945,20400,17300,23800,226,635,chkup1yr,2012,survey
Auburn-North,1000,37.0,28.0,48.0,5.34218835,14.261768,38061,14300,10500,18400,67,223,denvst1,2012,survey
Auburn-South,1100,39.0,28.0,51.0,5.99002499,15.393044999999999,25274,9800,7100,12900,57,136,denvst1,2012,survey
Ballard,2000,19.0,14.0,25.0,2.89354307,15.092517999999998,51489,9900,7300,13100,64,426,denvst1,2012,survey
Beacon/Gtown/S.Park,2100,39.0,29.0,51.0,5.66193865,14.418263000000001,39649,15600,11400,20100,52,166,denvst1,2012,survey
Bear Creek/Carnation/Duvall,3000,17.0,11.0,25.0,3.54669729,20.542346000000002,64508,11100,7300,16400,53,404,denvst1,2012,survey
Bellevue-Central,4000,21.0,14.0,29.0,3.91336937,18.845691000000002,35568,7400,5000,10500,45,236,denvst1,2012,survey
Bellevue-NE,4100,28.0,20.0,38.0,4.56973333,16.194790999999999,34899,9800,7000,13200,48,253,denvst1,2012,survey
Bellevue-South,4200,15.0,10.0,24.0,3.64167264,23.503524000000002,31530,4900,3000,7600,25,213,denvst1,2012,survey
Bellevue-West,4300,23.0,15.0,34.0,4.78273704,20.692896999999999,28371,6600,4300,9600,38,210,denvst1,2012,survey
Black Diamond/Enumclaw/SE County,5000,21.0,16.0,27.0,2.8312268,13.647919,45386,9400,7100,12200,80,334,denvst1,2012,survey
Bothell/Woodinville,6000,26.0,18.0,36.0,4.74224712,18.458936999999999,32984,8500,5800,11900,44,209,denvst1,2012,survey
Burien,7000,41.0,32.0,50.0,4.59972324,11.219728,47544,19500,15400,23900,107,366,denvst1,2012,survey
Capitol Hill/E.lake,2200,25.0,18.0,33.0,3.76686486,15.248659999999999,45483,11200,8200,14900,66,318,denvst1,2012,survey
Central Seattle,2300,35.0,26.0,45.0,5.00013945,14.363883,44572,15500,11500,20100,66,255,denvst1,2012,survey
Covington/Maple Valley,8000,21.0,16.0,28.0,3.19199522,14.972763,54611,11600,8600,15400,68,348,denvst1,2012,survey
Delridge,2400,32.0,22.0,44.0,5.45382966,16.965976999999999,30374,9800,6800,13200,47,170,denvst1,2012,survey
Des Moines/Normandy Park,9000,48.0,38.0,59.0,5.33223615,11.011422,36146,17500,13800,21300,85,278,denvst1,2012,survey
Downtown,2500,38.0,29.0,49.0,5.09426112,13.284065999999999,42927,16500,12400,20900,74,261,denvst1,2012,survey
East Federal Way,10000,26.0,17.0,37.0,5.12173825,19.863738000000001,35164,9100,6000,13000,50,184,denvst1,2012,survey
Fairwood,11000,31.0,19.0,46.0,6.8866075,22.215672999999999,24068,7500,4600,11000,32,152,denvst1,2012,survey
Fed Way-Central/Military Rd,10100,28.0,21.0,36.0,3.76373948,13.557437,56690,15700,11900,20200,73,286,denvst1,2012,survey
Fed Way-Dash Point/Woodmont,10200,30.0,21.0,42.0,5.67268598,18.656348000000001,32692,9900,6700,13900,38,194,denvst1,2012,survey
Fremont/Greenlake,2550,21.0,15.0,29.0,3.52954037,16.729537000000001,52761,11100,7900,15200,61,356,denvst1,2012,survey
Issaquah,12000,23.0,15.0,34.0,4.88487525,21.002182000000001,30716,7100,4600,10500,38,190,denvst1,2012,survey
Kenmore/LFP,13000,18.0,12.0,25.0,3.21802102,18.056092,34837,6200,4300,8700,46,281,denvst1,2012,survey
Kent-East,14000,29.0,18.0,42.0,6.21672321,21.801024999999999,35921,10200,6500,15100,30,128,denvst1,2012,survey
Kent-SE,14100,32.0,25.0,41.0,4.22915096,13.091313,55129,17800,13600,22600,82,305,denvst1,2012,survey
Kent-West,14200,41.0,27.0,57.0,7.98706552,19.549188999999998,27586,11300,7300,15700,43,124,denvst1,2012,survey
Kirkland,15000,25.0,18.0,34.0,3.99636852,15.797205,47811,12100,8700,16200,63,377,denvst1,2012,survey
Kirkland North,15100,27.0,19.0,37.0,4.50755273,16.655338,33738,9100,6500,12400,46,246,denvst1,2012,survey
Mercer Isle/Pt Cities,16000,12.0,8.0,18.0,2.53873242,20.665066000000003,29951,3700,2400,5400,37,272,denvst1,2012,survey
NE Seattle,2600,23.0,17.0,30.0,3.49696979,15.457908000000002,65928,14900,10900,19900,62,451,denvst1,2012,survey
Newcastle/Four Creeks,17000,19.0,12.0,30.0,4.66934777,24.114477000000001,27910,5400,3300,8400,31,188,denvst1,2012,survey
North Highline,18000,42.0,26.0,61.0,9.13895451,21.558769999999999,17416,7400,4500,10500,36,88,denvst1,2012,survey
North Seattle,2700,32.0,25.0,40.0,3.96660534,12.465752999999999,44317,14100,10900,17700,93,376,denvst1,2012,survey
NW Seattle,2800,29.0,21.0,38.0,4.19884844,14.537052000000001,42889,12400,9200,16200,78,346,denvst1,2012,survey
QA/Magnolia,2900,22.0,16.0,29.0,3.24490993,14.788183,57851,12700,9400,16700,81,452,denvst1,2012,survey
Redmond,19000,22.0,15.0,32.0,4.22208518,18.821054,54331,12200,8300,17300,51,309,denvst1,2012,survey
Renton-East,20000,23.0,15.0,34.0,4.92797498,21.492923999999999,31031,7100,4600,10500,29,170,denvst1,2012,survey
Renton-North,20100,26.0,16.0,40.0,6.27329915,23.678027,28709,7600,4600,11600,44,149,denvst1,2012,survey
Renton-South,20200,21.0,16.0,29.0,3.35225791,15.685642999999999,51460,11000,8000,14800,57,243,denvst1,2012,survey
Sammamish,21000,16.0,11.0,23.0,2.97270773,18.073947,46669,7700,5300,10800,41,285,denvst1,2012,survey
SE Seattle,2950,36.0,26.0,48.0,5.51837707,15.167451000000002,41377,15100,10900,19700,60,235,denvst1,2012,survey
SeaTac/Tukwila,22000,48.0,39.0,58.0,4.96214236,10.329582,46190,22200,17800,26700,94,247,denvst1,2012,survey
Shoreline,23000,25.0,19.0,33.0,3.63160443,14.297338000000002,53181,13500,10100,17600,89,424,denvst1,2012,survey
Snoqualmie/North Bend/Skykomish,24000,21.0,15.0,30.0,3.84874824,17.987494999999999,43219,9200,6400,12900,52,262,denvst1,2012,survey
Vashon Island,25000,28.0,18.0,41.0,5.94689725,21.284779,10739,3000,1900,4400,32,133,denvst1,2012,survey
West Seattle,2960,28.0,22.0,36.0,3.65980904,12.951957999999999,52945,15000,11500,19000,99,490,denvst1,2012,survey
Auburn-North,1000,18.0,8.0,35.0,6.86292081,38.545715999999999,38061,6800,3000,13400,8,52,mam2yrs,2012,survey
Auburn-South,1100,,,,8.14615611,45.306688999999999,25274,,,,,31,mam2yrs,2012,survey
Ballard,2000,13.0,7.0,22.0,3.6647347,28.021605999999998,51489,6700,3800,11400,20,135,mam2yrs,2012,survey
Beacon/Gtown/S.Park,2100,,,,10.209541400000001,36.688661000000003,39649,,,,,40,mam2yrs,2012,survey
Bear Creek/Carnation/Duvall,3000,21.0,13.0,33.0,5.15838427,24.073029000000002,64508,13800,8400,21400,21,118,mam2yrs,2012,survey
Bellevue-Central,4000,14.0,4.0,36.0,7.54950933,55.870461999999996,35568,4800,1500,12700,5,57,mam2yrs,2012,survey
Bellevue-NE,4100,23.0,13.0,37.0,6.1795979,27.430211,34899,7900,4400,12800,12,75,mam2yrs,2012,survey
Bellevue-South,4200,21.0,9.0,40.0,7.74775574,37.519396999999998,31530,6500,2900,12500,10,63,mam2yrs,2012,survey
Bellevue-West,4300,12.0,5.0,27.0,5.34433225,43.65316,28371,3500,1400,7700,7,60,mam2yrs,2012,survey
Black Diamond/Enumclaw/SE County,5000,23.0,14.0,36.0,5.56812219,24.188395,45386,10400,6300,16200,20,103,mam2yrs,2012,survey
Bothell/Woodinville,6000,38.0,22.0,59.0,9.8645602,25.643265999999997,32984,12700,7100,19300,14,51,mam2yrs,2012,survey
Burien,7000,15.0,7.0,27.0,4.80810793,32.843278999999995,47544,7000,3500,12700,19,103,mam2yrs,2012,survey
Capitol Hill/E.lake,2200,13.0,6.0,26.0,4.90578083,36.844073999999999,45483,6100,2800,11900,11,75,mam2yrs,2012,survey
Central Seattle,2300,19.0,9.0,36.0,6.67763054,34.608908,44572,8600,4200,15900,13,68,mam2yrs,2012,survey
Covington/Maple Valley,8000,24.0,15.0,37.0,5.5675561,22.867949000000003,54611,13300,8200,20100,22,92,mam2yrs,2012,survey
Delridge,2400,,,,9.43112597,39.806809999999999,30374,,,,,39,mam2yrs,2012,survey
Des Moines/Normandy Park,9000,12.0,6.0,21.0,3.82668623,33.033810000000003,36146,4200,2100,7700,13,83,mam2yrs,2012,survey
Downtown,2500,34.0,16.0,57.0,10.9275696,32.548837000000006,42927,14400,7000,24400,15,57,mam2yrs,2012,survey
East Federal Way,10000,23.0,10.0,46.0,9.396910739999999,40.557494999999996,35164,8100,3400,16100,9,52,mam2yrs,2012,survey
Fairwood,11000,,,,12.2783243,74.265453000000008,24068,,,,,35,mam2yrs,2012,survey
Fed Way-Central/Military Rd,10100,26.0,14.0,42.0,7.13941857,27.640514,56690,14600,8100,23800,18,83,mam2yrs,2012,survey
Fed Way-Dash Point/Woodmont,10200,17.0,7.0,35.0,6.93147054,40.444831999999998,32692,5600,2400,11400,10,55,mam2yrs,2012,survey
Fremont/Greenlake,2550,14.0,7.0,24.0,4.05611358,29.614209000000002,52761,7200,4000,12500,14,88,mam2yrs,2012,survey
Issaquah,12000,15.0,7.0,30.0,5.86429785,38.337374000000004,30716,4700,2100,9400,13,62,mam2yrs,2012,survey
Kenmore/LFP,13000,33.0,19.0,51.0,8.25215386,25.010179999999998,34837,11500,6700,17600,18,80,mam2yrs,2012,survey
Kent-East,14000,,,,15.0548079,34.592737,35921,,,,,39,mam2yrs,2012,survey
Kent-SE,14100,17.0,9.0,31.0,5.39054146,31.022017000000002,55129,9600,5000,16800,14,100,mam2yrs,2012,survey
Kent-West,14200,,,,15.217184,40.602778999999998,27586,,,,,36,mam2yrs,2012,survey
Kirkland,15000,21.0,13.0,31.0,4.74433073,22.931224,47811,9900,6200,15100,24,118,mam2yrs,2012,survey
Kirkland North,15100,11.0,5.0,23.0,4.37605909,39.061157000000001,33738,3800,1700,7800,8,65,mam2yrs,2012,survey
Mercer Isle/Pt Cities,16000,19.0,10.0,33.0,5.82650975,30.836453000000002,29951,5700,3000,9900,13,88,mam2yrs,2012,survey
NE Seattle,2600,16.0,7.0,31.0,5.86369071,37.105400000000003,65928,10400,4800,20300,14,126,mam2yrs,2012,survey
Newcastle/Four Creeks,17000,29.0,14.0,50.0,9.52389266,32.862302999999997,27910,8100,3900,14000,9,60,mam2yrs,2012,survey
North Highline,18000,,,,12.032142,40.987272000000004,17416,,,,,24,mam2yrs,2012,survey
North Seattle,2700,40.0,21.0,63.0,11.432676300000001,28.763227000000001,44317,17600,9100,27800,24,113,mam2yrs,2012,survey
NW Seattle,2800,18.0,10.0,31.0,5.28880046,28.994922000000003,42889,7800,4300,13300,21,107,mam2yrs,2012,survey
North Highline,18000,,,,11.2396756,23.354548000000001,17416,,,,,34,crcscrn2,2012,survey
QA/Magnolia,2900,19.0,12.0,29.0,4.38094858,22.709685,57851,11200,7000,17000,31,153,mam2yrs,2012,survey
Redmond,19000,19.0,9.0,37.0,7.20444931,37.921607000000002,54331,10300,4700,20100,11,85,mam2yrs,2012,survey
Renton-East,20000,14.0,7.0,27.0,4.96489241,35.122793999999999,31031,4400,2100,8300,9,56,mam2yrs,2012,survey
Renton-North,20100,,,,6.85091741,32.010368999999997,28709,,,,,42,mam2yrs,2012,survey
Renton-South,20200,19.0,12.0,30.0,4.74214183,24.626812999999999,51460,9900,6000,15600,21,72,mam2yrs,2012,survey
Sammamish,21000,10.0,4.0,21.0,4.05784061,41.128016000000002,46669,4600,2000,9900,7,67,mam2yrs,2012,survey
SE Seattle,2950,26.0,9.0,55.0,12.1797784,47.222079000000001,41377,10700,3800,22700,12,70,mam2yrs,2012,survey
SeaTac/Tukwila,22000,33.0,17.0,55.0,9.97884208,30.0852,46190,15300,7900,25200,18,67,mam2yrs,2012,survey
Shoreline,23000,21.0,12.0,33.0,5.26583062,25.568507,53181,11000,6400,17400,27,127,mam2yrs,2012,survey
Snoqualmie/North Bend/Skykomish,24000,16.0,9.0,27.0,4.68361332,29.221393000000003,43219,6900,3800,11800,13,76,mam2yrs,2012,survey
Vashon Island,25000,19.0,10.0,32.0,5.55925283,29.815517000000003,10739,2000,1100,3400,12,50,mam2yrs,2012,survey
West Seattle,2960,18.0,10.0,30.0,4.95593608,27.687521999999998,52945,9500,5400,15700,28,149,mam2yrs,2012,survey
Auburn-North,1000,41.0,29.0,54.0,6.33288246,15.463273999999998,38061,15600,11200,20400,33,86,crcscrn2,2012,survey
Auburn-South,1100,,,,9.58461632,22.400041000000002,25274,,,,,47,crcscrn2,2012,survey
Ballard,2000,39.0,28.0,51.0,5.87406532,15.156489000000001,51489,20000,14400,26100,52,160,crcscrn2,2012,survey
Beacon/Gtown/S.Park,2100,34.0,18.0,55.0,9.9419822,28.946799000000002,39649,13600,7200,22000,19,50,crcscrn2,2012,survey
Bear Creek/Carnation/Duvall,3000,35.0,27.0,45.0,4.73362087,13.405627000000001,64508,22800,17200,29100,48,155,crcscrn2,2012,survey
Bellevue-Central,4000,48.0,33.0,64.0,8.203980059999999,17.055033000000002,35568,17100,11600,22700,28,78,crcscrn2,2012,survey
Bellevue-NE,4100,43.0,29.0,58.0,7.56193065,17.748534999999997,34899,14900,10100,20100,27,96,crcscrn2,2012,survey
Bellevue-South,4200,34.0,22.0,48.0,6.77309445,19.808343999999998,31530,10800,7100,15300,24,96,crcscrn2,2012,survey
Bellevue-West,4300,39.0,25.0,54.0,7.45727789,19.277449000000001,28371,11000,7200,15300,23,68,crcscrn2,2012,survey
Black Diamond/Enumclaw/SE County,5000,38.0,28.0,48.0,5.27515193,14.020764,45386,17100,12700,22000,43,145,crcscrn2,2012,survey
Bothell/Woodinville,6000,18.0,9.0,34.0,6.33337622,35.323208000000001,32984,5900,2800,11100,13,70,crcscrn2,2012,survey
Burien,7000,45.0,31.0,60.0,7.45961098,16.506909,47544,21500,14900,28400,50,138,crcscrn2,2012,survey
Capitol Hill/E.lake,2200,44.0,31.0,57.0,6.748297,15.334482,45483,20000,14300,26100,40,113,crcscrn2,2012,survey
Central Seattle,2300,33.0,20.0,49.0,7.76431552,23.665727,44572,14600,8800,22000,28,88,crcscrn2,2012,survey
Covington/Maple Valley,8000,42.0,33.0,53.0,5.20771789,12.312825,54611,23100,17800,28800,55,141,crcscrn2,2012,survey
Delridge,2400,40.0,24.0,58.0,8.76606344,22.009757999999998,30374,12100,7400,17500,24,54,crcscrn2,2012,survey
Des Moines/Normandy Park,9000,30.0,19.0,43.0,6.27998572,21.127113000000001,36146,10700,6900,15600,38,128,crcscrn2,2012,survey
Downtown,2500,45.0,28.0,62.0,8.945697429999999,19.993463999999999,42927,19200,12200,26700,32,84,crcscrn2,2012,survey
East Federal Way,10000,36.0,23.0,51.0,7.21577924,20.044550999999998,35164,12700,8200,17900,29,76,crcscrn2,2012,survey
98175,98175,,,,,,,,,,,1,childvac1935,2013,vs
Fairwood,11000,31.0,19.0,48.0,7.60956919,24.184787999999998,24068,7600,4500,11500,18,65,crcscrn2,2012,survey
Fed Way-Central/Military Rd,10100,28.0,16.0,43.0,7.11107937,25.631636,56690,15700,9100,24700,27,95,crcscrn2,2012,survey
Fed Way-Dash Point/Woodmont,10200,39.0,26.0,54.0,7.27839635,18.575129,32692,12800,8500,17600,30,88,crcscrn2,2012,survey
Fremont/Greenlake,2550,38.0,28.0,49.0,5.42335056,14.362079,52761,19900,14700,25800,44,139,crcscrn2,2012,survey
Issaquah,12000,38.0,25.0,54.0,7.37539386,19.177973999999999,30716,11800,7800,16400,27,71,crcscrn2,2012,survey
Kenmore/LFP,13000,33.0,22.0,46.0,6.23324454,18.658048999999998,34837,11600,7800,16200,32,108,crcscrn2,2012,survey
Kent-East,14000,53.0,35.0,70.0,9.441600449999999,19.892371999999998,35921,18900,12400,25100,22,57,crcscrn2,2012,survey
Kent-SE,14100,37.0,27.0,50.0,6.01734104,16.072089999999999,55129,20600,14600,27400,36,110,crcscrn2,2012,survey
Kent-West,14200,,,,9.31622686,30.781570000000002,27586,,,,,40,crcscrn2,2012,survey
Kirkland,15000,39.0,27.0,53.0,6.7680791,17.276911999999999,47811,18700,12900,25300,42,151,crcscrn2,2012,survey
Kirkland North,15100,30.0,20.0,44.0,6.1220806,20.13137,33738,10300,6700,14700,30,91,crcscrn2,2012,survey
Mercer Isle/Pt Cities,16000,33.0,21.0,48.0,7.06894072,21.129987,29951,10000,6400,14500,27,100,crcscrn2,2012,survey
NE Seattle,2600,30.0,21.0,41.0,4.99931414,16.556504999999998,65928,19900,14100,26900,48,166,crcscrn2,2012,survey
Newcastle/Four Creeks,17000,32.0,19.0,49.0,7.76199491,24.191931999999998,27910,9000,5300,13600,17,73,crcscrn2,2012,survey
North Seattle,2700,39.0,27.0,51.0,6.14534824,15.895369000000001,44317,17100,12200,22700,39,125,crcscrn2,2012,survey
NW Seattle,2800,40.0,30.0,52.0,5.5608724,13.749454,42889,17300,12900,22100,46,134,crcscrn2,2012,survey
QA/Magnolia,2900,37.0,28.0,47.0,4.67898047,12.629502,57851,21400,16400,26900,58,194,crcscrn2,2012,survey
Redmond,19000,40.0,29.0,53.0,6.35255809,15.740072999999999,54331,21900,15600,28900,39,103,crcscrn2,2012,survey
Renton-East,20000,33.0,19.0,51.0,8.54792509,25.994041000000003,31031,10200,5800,15900,19,69,crcscrn2,2012,survey
Renton-North,20100,36.0,21.0,55.0,9.17304337,25.329540999999999,28709,10400,5900,15900,18,55,crcscrn2,2012,survey
Renton-South,20200,32.0,21.0,45.0,6.15614526,19.459641999999999,51460,16300,10800,23000,28,90,crcscrn2,2012,survey
Sammamish,21000,38.0,26.0,51.0,6.38685827,16.883020000000002,46669,17700,12300,23700,31,98,crcscrn2,2012,survey
SE Seattle,2950,31.0,19.0,46.0,7.07154966,23.086901000000001,41377,12700,7700,19000,33,97,crcscrn2,2012,survey
SeaTac/Tukwila,22000,47.0,33.0,62.0,7.64405312,16.298890999999998,46190,21700,15100,28500,47,101,crcscrn2,2012,survey
Shoreline,23000,35.0,26.0,45.0,4.91489253,14.006508,53181,18700,13900,24000,53,160,crcscrn2,2012,survey
Snoqualmie/North Bend/Skykomish,24000,31.0,21.0,43.0,5.46315139,17.608066999999998,43219,13400,9300,18400,33,103,crcscrn2,2012,survey
Vashon Island,25000,41.0,26.0,58.0,8.25930936,20.160009000000002,10739,4400,2800,6200,20,62,crcscrn2,2012,survey
West Seattle,2960,41.0,29.0,55.0,6.81505047,16.557065000000001,52945,21800,15200,29000,68,206,crcscrn2,2012,survey
Auburn-North,1000,68.0,60.0,75.0,3.69731017,11.487579,38061,25800,22900,28400,158,289,flushot,2012,survey
Auburn-South,1100,72.0,62.0,80.0,4.65953138,16.438331000000002,25274,18100,15600,20200,106,178,flushot,2012,survey
Ballard,2000,60.0,53.0,67.0,3.53728382,8.899189,51489,31000,27400,34500,296,563,flushot,2012,survey
Beacon/Gtown/S.Park,2100,61.0,52.0,70.0,4.64234404,11.870545999999999,39649,24100,20400,27600,158,282,flushot,2012,survey
Bear Creek/Carnation/Duvall,3000,58.0,52.0,64.0,3.17556741,7.627129000000001,64508,37600,33600,41600,285,550,flushot,2012,survey
Bellevue-Central,4000,64.0,54.0,72.0,4.51728605,12.422943999999999,35568,22600,19400,25600,157,299,flushot,2012,survey
Bellevue-NE,4100,55.0,47.0,63.0,4.10332564,9.207566,34899,19300,16500,22100,154,326,flushot,2012,survey
Bellevue-South,4200,53.0,45.0,61.0,4.32631524,9.213806,31530,16700,14000,19300,134,279,flushot,2012,survey
Bellevue-West,4300,60.0,50.0,68.0,4.71933264,11.701079999999999,28371,16900,14200,19400,123,272,flushot,2012,survey
Black Diamond/Enumclaw/SE County,5000,60.0,53.0,67.0,3.5881689,8.935108999999999,45386,27200,23900,30200,215,416,flushot,2012,survey
Bothell/Woodinville,6000,62.0,54.0,70.0,4.07568082,10.700746000000001,32984,20400,17700,22900,138,283,flushot,2012,survey
Burien,7000,66.0,60.0,72.0,3.11626267,9.185620999999999,47544,31400,28400,34200,341,641,flushot,2012,survey
Capitol Hill/E.lake,2200,53.0,45.0,61.0,4.01940348,8.512729,45483,24000,20400,27500,225,472,flushot,2012,survey
Central Seattle,2300,57.0,48.0,65.0,4.42190896,10.190114999999999,44572,25200,21300,29000,216,416,flushot,2012,survey
Covington/Maple Valley,8000,66.0,60.0,72.0,3.08376649,9.078839,54611,36100,32600,39200,247,451,flushot,2012,survey
Delridge,2400,68.0,60.0,75.0,3.99033902,12.499950999999999,30374,20700,18200,22900,166,278,flushot,2012,survey
Des Moines/Normandy Park,9000,63.0,56.0,70.0,3.57728183,9.632635,36146,22700,20100,25100,235,473,flushot,2012,survey
Downtown,2500,61.0,53.0,69.0,4.054439,10.510682000000001,42927,26400,22900,29600,216,444,flushot,2012,survey
East Federal Way,10000,60.0,49.0,70.0,5.40396938,13.480549999999999,35164,21100,17200,24600,123,230,flushot,2012,survey
Fairwood,11000,65.0,55.0,74.0,5.02733349,14.466295000000001,24068,15700,13200,17900,92,203,flushot,2012,survey
Fed Way-Central/Military Rd,10100,56.0,48.0,64.0,3.92917405,8.982677000000001,56690,31900,27500,36100,188,371,flushot,2012,survey
Fed Way-Dash Point/Woodmont,10200,69.0,61.0,77.0,4.00476382,13.038127999999999,32692,22700,19900,25000,132,249,flushot,2012,survey
Fremont/Greenlake,2550,64.0,57.0,70.0,3.39590586,9.332364,52761,33600,29900,36900,236,464,flushot,2012,survey
Issaquah,12000,59.0,49.0,68.0,5.1006538,12.387874,30716,18100,14900,21000,120,255,flushot,2012,survey
Kenmore/LFP,13000,53.0,45.0,62.0,4.39462718,9.426375999999999,34837,18600,15600,21500,195,386,flushot,2012,survey
Kent-East,14000,56.0,45.0,66.0,5.38076666,12.119528000000001,35921,20000,16200,23600,95,184,flushot,2012,survey
Kent-SE,14100,61.0,54.0,68.0,3.62591629,9.387953,55129,33800,29800,37600,213,399,flushot,2012,survey
Kent-West,14200,64.0,53.0,74.0,5.37929185,14.971150999999999,27586,17700,14600,20400,96,184,flushot,2012,survey
Kirkland,15000,65.0,58.0,70.0,3.04109471,8.577558999999999,47811,30900,27900,33600,238,485,flushot,2012,survey
Kirkland North,15100,64.0,56.0,71.0,3.98800049,11.084558999999999,33738,21600,18900,24100,165,303,flushot,2012,survey
98131,98131,,,,,,,,,,,,pqiacute,2011,vs
Mercer Isle/Pt Cities,16000,44.0,37.0,52.0,3.97825035,8.968070000000001,29951,13300,11000,15600,136,353,flushot,2012,survey
NE Seattle,2600,57.0,51.0,63.0,3.11741712,7.291143999999999,65928,37700,33700,41700,281,643,flushot,2012,survey
Newcastle/Four Creeks,17000,62.0,53.0,70.0,4.15749704,10.869109,27910,17200,14900,19400,122,242,flushot,2012,survey
North Highline,18000,66.0,50.0,79.0,7.47824072,21.777608000000001,17416,11400,8700,13700,80,154,flushot,2012,survey
North Seattle,2700,65.0,57.0,71.0,3.52087814,9.931703000000001,44317,28600,25400,31500,242,482,flushot,2012,survey
NW Seattle,2800,57.0,50.0,64.0,3.77710384,8.845787,42889,24600,21400,27700,215,429,flushot,2012,survey
QA/Magnolia,2900,54.0,47.0,61.0,3.65711388,7.946138,57851,31200,27100,35300,264,571,flushot,2012,survey
Redmond,19000,66.0,59.0,72.0,3.46782792,10.103953000000001,54331,35700,31800,39200,218,417,flushot,2012,survey
Renton-East,20000,48.0,40.0,57.0,4.56300514,9.441138,31031,15000,12300,17800,101,218,flushot,2012,survey
Renton-North,20100,65.0,54.0,74.0,5.26018779,14.871184000000001,28709,18600,15400,21300,101,188,flushot,2012,survey
98103,98103,38.6,34.9,42.3,,,,267,,,267,692,childvac1935,2013,vs
Renton-South,20200,54.0,47.0,61.0,3.7627846,8.191652000000001,51460,27800,24000,31500,183,372,flushot,2012,survey
Sammamish,21000,64.0,57.0,70.0,3.23336302,8.875632,46669,29700,26600,32500,220,394,flushot,2012,survey
SE Seattle,2950,63.0,55.0,69.0,3.70889398,9.904071,41377,25900,22800,28800,229,452,flushot,2012,survey
SeaTac/Tukwila,22000,61.0,53.0,68.0,3.97146626,10.154195000000001,46190,28100,24400,31600,243,454,flushot,2012,survey
Shoreline,23000,61.0,54.0,67.0,3.32234747,8.543339,53181,32500,29000,35800,283,532,flushot,2012,survey
Snoqualmie/North Bend/Skykomish,24000,68.0,60.0,74.0,3.71142185,11.454065,43219,29200,25900,32200,209,345,flushot,2012,survey
Vashon Island,25000,46.0,34.0,58.0,6.11891344,13.440763,10739,4900,3700,6200,83,174,flushot,2012,survey
West Seattle,2960,58.0,52.0,64.0,3.0630468,7.324583,52945,30800,27600,33900,312,636,flushot,2012,survey
Auburn-North,1000,17.0,12.0,24.0,2.83139587,16.304273999999999,38061,6600,4800,9000,63,295,genhlth2,2012,survey
Auburn-South,1100,14.0,7.0,24.0,4.31660421,31.693228000000001,25274,3400,1800,6200,25,179,genhlth2,2012,survey
Ballard,2000,6.0,4.0,8.0,1.01754465,17.145189999999999,51489,3100,2200,4300,51,568,genhlth2,2012,survey
Beacon/Gtown/S.Park,2100,11.0,7.0,17.0,2.60475524,24.493504999999999,39649,4200,2600,6700,39,287,genhlth2,2012,survey
Bear Creek/Carnation/Duvall,3000,7.0,5.0,10.0,1.29531084,18.825517999999999,64508,4400,3100,6400,44,557,genhlth2,2012,survey
Bellevue-Central,4000,11.0,6.0,22.0,3.94223546,34.867057000000003,35568,4000,2000,7700,32,302,genhlth2,2012,survey
Bellevue-NE,4100,11.0,7.0,18.0,2.65216814,23.723095999999998,34899,3900,2400,6100,40,329,genhlth2,2012,survey
Bellevue-South,4200,5.0,3.0,8.0,1.14267787,24.233993000000002,31530,1500,900,2400,23,280,genhlth2,2012,survey
Bellevue-West,4300,8.0,5.0,12.0,1.79443984,22.407530000000001,28371,2300,1500,3500,33,278,genhlth2,2012,survey
Black Diamond/Enumclaw/SE County,5000,13.0,9.0,17.0,2.05068422,15.892491999999999,45386,5900,4300,7900,66,421,genhlth2,2012,survey
Bothell/Woodinville,6000,9.0,5.0,13.0,1.88620683,22.118670000000002,32984,2800,1800,4300,32,284,genhlth2,2012,survey
Burien,7000,21.0,16.0,29.0,3.30330818,15.379077999999998,47544,10200,7500,13600,124,645,genhlth2,2012,survey
Capitol Hill/E.lake,2200,16.0,10.0,24.0,3.458776,22.285617999999999,45483,7100,4500,10700,60,477,genhlth2,2012,survey
Central Seattle,2300,10.0,6.0,16.0,2.34708,22.913243000000001,44572,4600,2900,7100,41,418,genhlth2,2012,survey
Covington/Maple Valley,8000,13.0,8.0,21.0,3.23067711,24.534037000000001,54611,7200,4400,11400,49,459,genhlth2,2012,survey
Delridge,2400,15.0,10.0,22.0,2.97620239,19.296315,30374,4700,3200,6700,51,276,genhlth2,2012,survey
Des Moines/Normandy Park,9000,17.0,12.0,24.0,2.96442615,17.132476999999998,36146,6300,4400,8600,82,474,genhlth2,2012,survey
Downtown,2500,18.0,13.0,25.0,3.0992807,16.889011,42927,7900,5600,10800,86,449,genhlth2,2012,survey
East Federal Way,10000,13.0,8.0,22.0,3.48624104,25.952634000000003,35164,4700,2800,7700,41,230,genhlth2,2012,survey
Fairwood,11000,10.0,6.0,17.0,2.85809737,28.923883,24068,2400,1300,4100,24,204,genhlth2,2012,survey
Fed Way-Central/Military Rd,10100,22.0,16.0,30.0,3.698511,16.526455000000002,56690,12700,9000,17300,76,374,genhlth2,2012,survey
Fed Way-Dash Point/Woodmont,10200,19.0,12.0,28.0,3.98672076,20.919512000000001,32692,6200,4100,9200,43,252,genhlth2,2012,survey
Fremont/Greenlake,2550,7.0,5.0,12.0,1.76103369,23.665917,52761,3900,2500,6200,39,465,genhlth2,2012,survey
Issaquah,12000,14.0,6.0,27.0,5.09743416,36.977919999999997,30716,4200,2000,8300,20,260,genhlth2,2012,survey
Kenmore/LFP,13000,10.0,5.0,17.0,2.95757521,30.812599000000002,34837,3300,1800,6000,40,388,genhlth2,2012,survey
Kent-East,14000,18.0,10.0,29.0,4.6960847,26.249559000000001,35921,6400,3700,10400,28,185,genhlth2,2012,survey
98041,98041,,,,,,,,,,,5,childvac1935,2013,vs
Kent-SE,14100,13.0,9.0,18.0,2.13183896,16.361819000000001,55129,7200,5200,9800,62,408,genhlth2,2012,survey
Kent-West,14200,12.0,7.0,20.0,3.02304708,24.581543,27586,3400,2100,5400,35,188,genhlth2,2012,survey
Kirkland,15000,5.0,3.0,8.0,1.04910156,20.19735,47811,2500,1700,3700,39,489,genhlth2,2012,survey
Kirkland North,15100,11.0,7.0,17.0,2.37237998,21.111778000000001,33738,3800,2500,5700,42,310,genhlth2,2012,survey
Mercer Isle/Pt Cities,16000,8.0,5.0,12.0,1.84422485,24.450232999999997,29951,2300,1400,3600,27,355,genhlth2,2012,survey
NE Seattle,2600,11.0,7.0,17.0,2.45014819,22.393094999999999,65928,7200,4600,11000,55,649,genhlth2,2012,survey
Newcastle/Four Creeks,17000,14.0,8.0,22.0,3.3989476,24.805305000000001,27910,3800,2300,6100,35,245,genhlth2,2012,survey
North Highline,18000,15.0,9.0,23.0,3.67488083,25.235090999999997,17416,2500,1500,4100,38,154,genhlth2,2012,survey
North Seattle,2700,12.0,7.0,18.0,2.54312847,21.889088000000001,44317,5100,3300,7800,60,487,genhlth2,2012,survey
NW Seattle,2800,12.0,8.0,19.0,2.75115821,22.455496,42889,5300,3300,8000,57,440,genhlth2,2012,survey
QA/Magnolia,2900,6.0,4.0,9.0,1.19368572,21.044373999999998,57851,3300,2200,4900,43,574,genhlth2,2012,survey
Redmond,19000,7.0,5.0,10.0,1.44010063,20.787130999999999,54331,3800,2500,5600,34,423,genhlth2,2012,survey
Renton-East,20000,13.0,8.0,20.0,3.05736632,23.744451999999999,31031,4000,2500,6200,26,220,genhlth2,2012,survey
Renton-North,20100,14.0,9.0,21.0,2.98470209,21.824788000000002,28709,3900,2500,5900,37,191,genhlth2,2012,survey
Renton-South,20200,17.0,11.0,24.0,3.09664107,18.557883,51460,8600,5900,12200,58,378,genhlth2,2012,survey
Sammamish,21000,8.0,4.0,15.0,2.67457219,33.959497999999996,46669,3700,1900,7000,29,398,genhlth2,2012,survey
SE Seattle,2950,18.0,12.0,26.0,3.53809187,19.733387999999998,41377,7400,5000,10700,72,458,genhlth2,2012,survey
SeaTac/Tukwila,22000,16.0,11.0,23.0,3.09791987,19.447179999999999,46190,7400,5000,10600,79,461,genhlth2,2012,survey
Shoreline,23000,9.0,7.0,13.0,1.62207344,17.451588000000001,53181,4900,3500,6900,70,537,genhlth2,2012,survey
Snoqualmie/North Bend/Skykomish,24000,8.0,5.0,13.0,1.94674552,23.283055000000001,43219,3600,2300,5600,32,344,genhlth2,2012,survey
Vashon Island,25000,7.0,4.0,12.0,2.01907671,29.976097000000003,10739,700,400,1300,17,179,genhlth2,2012,survey
West Seattle,2960,10.0,7.0,15.0,2.0166627,19.786943000000001,52945,5400,3600,7900,74,641,genhlth2,2012,survey
Auburn-North,1000,23.0,21.0,24.0,1.102906382978723,4.872041222728712,,10128,,,,,adult_uninsure,2012,survey
Auburn-South,1100,23.0,21.0,24.0,1.102906382978723,4.872041222728712,,10128,,,,,adult_uninsure,2012,survey
Ballard,2000,11.0,10.0,13.0,0.901676595744681,7.847032381442343,,4420,,,,,adult_uninsure,2012,survey
Beacon/Gtown/S.Park,2100,25.0,22.0,28.0,1.743326443768997,7.003203852965066,,6647,,,,,adult_uninsure,2012,survey
Bear Creek/Carnation/Duvall,3000,7.0,6.0,8.0,0.649877203647417,9.141873141790608,,3086,,,,,adult_uninsure,2012,survey
Bellevue-Central,4000,22.0,19.0,25.0,1.820968389057751,8.403277515363593,,5173,,,,,adult_uninsure,2012,survey
Bellevue-NE,4100,10.0,8.0,12.0,1.146368389057751,11.717806794754674,,2242,,,,,adult_uninsure,2012,survey
Bellevue-South,4200,8.0,6.0,9.0,0.975351367781155,12.561611734644353,,1538,,,,,adult_uninsure,2012,survey
Bellevue-West,4300,12.0,8.0,15.0,2.017879027355623,17.214812684747198,,2103,,,,,adult_uninsure,2012,survey
Black Diamond/Enumclaw/SE County,5000,12.0,11.0,14.0,0.824818844984803,6.647347609208095,,4006,,,,,adult_uninsure,2012,survey
Bothell/Woodinville,6000,13.0,11.0,15.0,1.048833434650456,7.941556570053956,,3823,,,,,adult_uninsure,2012,survey
Burien,7000,22.0,21.0,24.0,0.763732522796353,3.417095770338852,,20586,,,,,adult_uninsure,2012,survey
Capitol Hill/E.lake,2200,12.0,11.0,14.0,0.998728875379939,8.186141218368976,,4070,,,,,adult_uninsure,2012,survey
Central Seattle,2300,15.0,13.0,17.0,1.097350151975684,7.304661989107637,,5018,,,,,adult_uninsure,2012,survey
Covington/Maple Valley,8000,11.0,9.0,12.0,0.898268693009118,8.405860004839115,,3454,,,,,adult_uninsure,2012,survey
Delridge,2400,20.0,18.0,23.0,1.508294224924012,7.466828968833121,,4102,,,,,adult_uninsure,2012,survey
Des Moines/Normandy Park,9000,23.0,20.0,26.0,1.837151367781155,8.114117258463271,,4975,,,,,adult_uninsure,2012,survey
Downtown,2500,16.0,14.0,18.0,1.11578358662614,6.856529324882721,,5578,,,,,adult_uninsure,2012,survey
East Federal Way,10000,21.0,19.0,24.0,1.429162310030395,6.660236982581405,,5030,,,,,adult_uninsure,2012,survey
Fairwood,11000,15.0,12.0,18.0,1.846368996960486,12.615911983407763,,2285,,,,,adult_uninsure,2012,survey
Fed Way-Central/Military Rd,10100,24.0,22.0,25.0,0.946211550151976,3.980820396394233,,13717,,,,,adult_uninsure,2012,survey
Fed Way-Dash Point/Woodmont,10200,24.0,22.0,25.0,0.946211550151976,3.980820396394233,,13717,,,,,adult_uninsure,2012,survey
Fremont/Greenlake,2550,12.0,10.0,13.0,1.100681458966565,9.56451449705348,,4514,,,,,adult_uninsure,2012,survey
Issaquah,12000,9.0,7.0,11.0,1.238678419452888,14.152698468036961,,1708,,,,,adult_uninsure,2012,survey
Kenmore/LFP,13000,13.0,11.0,14.0,1.145646808510638,9.098421171633069,,2643,,,,,adult_uninsure,2012,survey
98139,98139,,,,,,,,,,,1,childvac1935,2013,vs
Kent-East,14000,23.0,22.0,25.0,0.846809118541033,3.611751623270524,,16143,,,,,adult_uninsure,2012,survey
Kent-SE,14100,23.0,22.0,25.0,0.846809118541033,3.611751623270524,,16143,,,,,adult_uninsure,2012,survey
Kent-West,14200,23.0,22.0,25.0,0.846809118541033,3.611751623270524,,16143,,,,,adult_uninsure,2012,survey
Kirkland,15000,12.0,10.0,13.0,0.962044376899696,8.218780130432485,,4066,,,,,adult_uninsure,2012,survey
Kirkland North,15100,12.0,10.0,13.0,0.979991489361702,8.250753429663419,,3082,,,,,adult_uninsure,2012,survey
Mercer Isle/Pt Cities,16000,4.0,3.0,5.0,0.656364741641337,18.313237399663443,,596,,,,,adult_uninsure,2012,survey
NE Seattle,2600,9.0,8.0,10.0,0.66199452887538,7.669751765336327,,4585,,,,,adult_uninsure,2012,survey
Newcastle/Four Creeks,17000,8.0,6.0,9.0,0.86238358662614,10.940662227471147,,1493,,,,,adult_uninsure,2012,survey
North Highline,18000,35.0,30.0,39.0,2.749174468085107,7.916592424411581,,4378,,,,,adult_uninsure,2012,survey
North Seattle,2700,17.0,15.0,19.0,1.249857142857143,7.243835329714147,,4964,,,,,adult_uninsure,2012,survey
NW Seattle,2800,18.0,15.0,20.0,1.288792705167174,7.333502741356988,,5649,,,,,adult_uninsure,2012,survey
QA/Magnolia,2900,9.0,8.0,10.0,0.727715501519757,8.269663487659486,,3908,,,,,adult_uninsure,2012,survey
Redmond,19000,10.0,9.0,12.0,0.932932522796353,9.198286439348566,,3759,,,,,adult_uninsure,2012,survey
Renton-East ,20000,21.0,19.0,22.0,0.93713009118541,4.514977532723793,,12876,,,,,adult_uninsure,2012,survey
Renton-North,20100,21.0,19.0,22.0,0.93713009118541,4.514977532723793,,12876,,,,,adult_uninsure,2012,survey
Renton-South,20200,21.0,19.0,22.0,0.887658358662614,4.2381959662562,,15185,,,,,adult_uninsure,2012,survey
Sammamish,21000,4.0,3.0,5.0,0.579630699088146,16.292401613080052,,1007,,,,,adult_uninsure,2012,survey
SE Seattle,2950,21.0,18.0,24.0,1.710675987841945,8.112867461770509,,5561,,,,,adult_uninsure,2012,survey
SeaTac/Tukwila,22000,31.0,29.0,34.0,1.672634042553191,5.319829023911682,,9451,,,,,adult_uninsure,2012,survey
Shoreline,23000,16.0,14.0,17.0,1.116375075987842,7.197776118554752,,5319,,,,,adult_uninsure,2012,survey
Snoqualmie/North Bend/Skykomish,24000,10.0,8.0,12.0,1.144779331306991,11.815742627949842,,2713,,,,,adult_uninsure,2012,survey
Vashon Island,25000,8.0,5.0,11.0,1.607553191489362,20.162339294407467,,568,,,,,adult_uninsure,2012,survey
West Seattle,2960,10.0,9.0,12.0,0.872565957446808,8.50798283366867,,3776,,,,,adult_uninsure,2012,survey
Auburn-North,1000,7.0,5.0,8.0,1.027905775075988,15.379996676478866,,1172,,,,,child_uninsure,2012,survey
Auburn-South,1100,7.0,5.0,8.0,1.027905775075988,15.379996676478866,,1172,,,,,child_uninsure,2012,survey
Ballard,2000,3.0,2.0,5.0,0.98097811550152,28.53723801377323,,287,,,,,child_uninsure,2012,survey
Beacon/Gtown/S.Park,2100,8.0,5.0,11.0,1.946635258358663,24.73371974073217,,782,,,,,child_uninsure,2012,survey
Bear Creek/Carnation/Duvall,3000,3.0,2.0,5.0,0.756340425531915,22.920080545758921,,612,,,,,child_uninsure,2012,survey
Bellevue-Central,4000,7.0,4.0,9.0,1.752651671732523,26.712706675701558,,489,,,,,child_uninsure,2012,survey
Bellevue-NE,4100,4.0,2.0,6.0,1.26452462006079,32.171287336813471,,256,,,,,child_uninsure,2012,survey
Bellevue-South,4200,1.0,0.0,2.0,0.636745288753799,57.300222881185356,,93,,,,,child_uninsure,2012,survey
Bellevue-West,4300,7.0,3.0,10.0,2.062703951367781,30.904871869725152,,289,,,,,child_uninsure,2012,survey
Black Diamond/Enumclaw/SE County,5000,5.0,3.0,6.0,0.896000607902736,19.681243324421914,,495,,,,,child_uninsure,2012,survey
Bothell/Woodinville,6000,4.0,2.0,7.0,1.455305775075988,32.983781170512486,,462,,,,,child_uninsure,2012,survey
Burien,7000,8.0,7.0,10.0,0.829320364741641,10.158037504342337,,2554,,,,,child_uninsure,2012,survey
Capitol Hill/E.lake,2200,0.0,0.0,1.0,0.617313069908815,177.78617551205383,,15,,,,,child_uninsure,2012,survey
Central Seattle,2300,7.0,3.0,11.0,2.300894224924012,33.856017538900346,,455,,,,,child_uninsure,2012,survey
Covington/Maple Valley,8000,3.0,1.0,4.0,0.812920364741641,30.559296095268678,,375,,,,,child_uninsure,2012,survey
Delridge,2400,8.0,5.0,10.0,1.693962310030395,22.517830025554382,,471,,,,,child_uninsure,2012,survey
Des Moines/Normandy Park,9000,7.0,4.0,11.0,2.078512462006079,28.853216951376115,,600,,,,,child_uninsure,2012,survey
Downtown,2500,4.0,1.0,8.0,2.11066990881459,49.613161527604838,,85,,,,,child_uninsure,2012,survey
East Federal Way,10000,10.0,6.0,15.0,2.598586018237082,25.261192357219269,,918,,,,,child_uninsure,2012,survey
Fairwood,11000,5.0,2.0,8.0,1.65501094224924,33.748087632890936,,281,,,,,child_uninsure,2012,survey
Fed Way-Central/Military Rd,10100,6.0,4.0,8.0,1.199088145896656,18.827350280523486,,1440,,,,,child_uninsure,2012,survey
Fed Way-Dash Point/Woodmont,10200,6.0,4.0,8.0,1.199088145896656,18.827350280523486,,1440,,,,,child_uninsure,2012,survey
Fremont/Greenlake,2550,2.0,0.0,4.0,1.205532522796352,50.434318458351811,,140,,,,,child_uninsure,2012,survey
Issaquah,12000,2.0,1.0,3.0,0.596024984802432,36.454172103111539,,111,,,,,child_uninsure,2012,survey
Kenmore/LFP,13000,5.0,3.0,7.0,1.443631003039513,28.37637403172349,,384,,,,,child_uninsure,2012,survey
Kent-East,14000,9.0,7.0,10.0,1.068358054711246,12.452130491320712,,2542,,,,,child_uninsure,2012,survey
Kent-SE,14100,9.0,7.0,10.0,1.068358054711246,12.452130491320712,,2542,,,,,child_uninsure,2012,survey
Kent-West,14200,9.0,7.0,10.0,1.068358054711246,12.452130491320712,,2542,,,,,child_uninsure,2012,survey
Kirkland,15000,2.0,1.0,3.0,0.722573860182371,37.50925878807233,,179,,,,,child_uninsure,2012,survey
Kirkland North,15100,7.0,3.0,11.0,2.377663221884498,33.115045146663441,,635,,,,,child_uninsure,2012,survey
Mercer Isle/Pt Cities,16000,1.0,0.0,3.0,0.822992705167173,61.669566972932088,,105,,,,,child_uninsure,2012,survey
NE Seattle,2600,1.0,0.0,2.0,0.688663221884498,50.680713724741885,,140,,,,,child_uninsure,2012,survey
Newcastle/Four Creeks,17000,3.0,1.0,5.0,1.136575075987842,33.751541985387334,,240,,,,,child_uninsure,2012,survey
North Highline,18000,14.0,8.0,20.0,3.57514103343465,25.229801136564063,,649,,,,,child_uninsure,2012,survey
North Seattle,2700,5.0,2.0,8.0,1.726259574468085,33.56675979688135,,317,,,,,child_uninsure,2012,survey
NW Seattle,2800,9.0,5.0,12.0,2.311004255319148,27.000820249983772,,591,,,,,child_uninsure,2012,survey
QA/Magnolia,2900,2.0,1.0,4.0,1.08969726443769,45.250239578868587,,196,,,,,child_uninsure,2012,survey
Redmond,19000,2.0,1.0,4.0,0.681570820668693,28.26499654421956,,287,,,,,child_uninsure,2012,survey
Renton-East,20000,8.0,7.0,10.0,1.095334346504559,13.13439200397532,,1708,,,,,child_uninsure,2012,survey
Renton-North,20100,8.0,7.0,10.0,1.095334346504559,13.13439200397532,,1708,,,,,child_uninsure,2012,survey
Renton-South,20200,9.0,7.0,11.0,1.107054711246201,12.298463870534132,,2180,,,,,child_uninsure,2012,survey
Sammamish,21000,1.0,0.0,2.0,0.479698784194529,37.351747695159204,,200,,,,,child_uninsure,2012,survey
SE Seattle,2950,7.0,4.0,10.0,2.077006686930091,29.329450527576668,,628,,,,,child_uninsure,2012,survey
SeaTac/Tukwila,22000,8.0,5.0,11.0,1.807496656534954,22.393909743951394,,873,,,,,child_uninsure,2012,survey
Shoreline,23000,5.0,3.0,7.0,1.230803039513678,22.591123507571215,,575,,,,,child_uninsure,2012,survey
Snoqualmie/North Bend/Skykomish,24000,3.0,1.0,5.0,1.183234650455927,34.351280048678191,,442,,,,,child_uninsure,2012,survey
Vashon Island,25000,1.0,0.0,2.0,0.868990273556231,94.092339677822821,,18,,,,,child_uninsure,2012,survey
West Seattle,2960,4.0,2.0,6.0,1.271518541033435,31.298671395903703,,395,,,,,child_uninsure,2012,survey
Auburn-North,1000,6.2,4.7,8.1,0.8242,13.250803858520902,,29,,,57,916,pnc,2011,vs
Auburn-South,1100,5.4,3.9,7.3,0.8217,15.244897959183676,,22,,,43,798,pnc,2011,vs
Ballard,2000,3.1,2.2,4.2,0.4926,15.788461538461537,,20,,,40,1284,pnc,2011,vs
Beacon/Gtown/S.Park,2100,5.1,3.8,6.8,0.7363,14.437254901960786,,24,,,48,941,pnc,2011,vs
Bear Creek/Carnation/Duvall,3000,2.5,1.7,3.7,0.4941,19.607142857142858,,13,,,26,1032,pnc,2011,vs
Bellevue-Central,4000,5.0,3.8,6.6,0.6894,13.733067729083666,,27,,,53,1056,pnc,2011,vs
Bellevue-NE,4100,5.6,4.1,7.6,0.8482,15.065719360568385,,22,,,44,782,pnc,2011,vs
Bellevue-South,4200,3.6,2.1,5.8,0.8829,24.255494505494504,,9,,,17,467,pnc,2011,vs
Bellevue-West,4300,5.3,3.6,7.5,0.9469,17.967741935483872,,16,,,31,588,pnc,2011,vs
Black Diamond/Enumclaw/SE County,5000,4.5,3.2,6.2,0.7287,16.015384615384615,,20,,,39,857,pnc,2011,vs
Bothell/Woodinville,6000,1.7,0.9,2.9,0.4791,28.861445783132535,,6,,,12,723,pnc,2011,vs
Burien,7000,6.7,5.3,8.3,0.7341,10.973094170403588,,42,,,83,1241,pnc,2011,vs
Capitol Hill/E.lake,2200,2.8,1.6,4.3,0.6497,23.539855072463769,,9,,,18,653,pnc,2011,vs
Central Seattle,2300,4.1,2.9,5.6,0.6493,15.798053527980532,,20,,,40,974,pnc,2011,vs
Covington/Maple Valley,8000,3.8,2.8,5.1,0.5647,14.899736147757256,,23,,,45,1188,pnc,2011,vs
Delridge,2400,3.6,2.5,5.1,0.6292,17.429362880886426,,17,,,33,913,pnc,2011,vs
Des Moines/Normandy Park,9000,5.4,4.0,7.3,0.8199,15.071691176470587,,22,,,44,809,pnc,2011,vs
Downtown,2500,4.6,2.9,6.8,0.9314,20.42543859649123,,12,,,24,526,pnc,2011,vs
East Federal Way,10000,6.1,4.5,8.2,0.895,14.576547231270359,,24,,,47,766,pnc,2011,vs
Fairwood,11000,3.0,1.7,4.9,0.7619,24.980327868852459,,8,,,16,525,pnc,2011,vs
Fed Way-Central/Military Rd,10100,7.7,6.4,9.2,0.6942,9.050847457627119,,61,,,122,1591,pnc,2011,vs
Fed Way-Dash Point/Woodmont,10200,6.9,5.3,8.8,0.8825,12.808417997097241,,31,,,61,885,pnc,2011,vs
Fremont/Greenlake,2550,2.0,1.3,3.1,0.4351,21.328431372549016,,11,,,22,1078,pnc,2011,vs
Issaquah,12000,3.1,2.0,4.5,0.5925,19.237012987012989,,14,,,27,877,pnc,2011,vs
Kenmore/LFP,13000,2.4,1.4,3.9,0.5865,24.235537190082649,,9,,,17,703,pnc,2011,vs
98141,98141,,,,,,,,,,,,childvac1935,2013,vs
Kent-East,14000,4.5,3.3,6.1,0.6984,15.41721854304636,,21,,,42,928,pnc,2011,vs
Kent-SE,14100,7.3,6.1,8.7,0.6542,8.949384404924761,,63,,,125,1709,pnc,2011,vs
Kent-West,14200,7.5,5.8,9.4,0.887,11.874163319946451,,36,,,71,950,pnc,2011,vs
Kirkland,15000,3.6,2.6,4.8,0.5582,15.635854341736696,,21,,,41,1147,pnc,2011,vs
Kirkland North,15100,0.9,0.4,1.8,0.3414,37.93333333333333,,4,,,7,775,pnc,2011,vs
Mercer Isle/Pt Cities,16000,,,,0.4935,58.058823529411761,,,,,,351,pnc,2011,vs
NE Seattle,2600,2.0,1.3,3.0,0.4218,20.881188118811885,,12,,,23,1137,pnc,2011,vs
Newcastle/Four Creeks,17000,3.4,2.0,5.4,0.8112,23.581395348837212,,9,,,18,523,pnc,2011,vs
North Highline,18000,5.2,3.4,7.6,1.0117,19.606589147286822,,13,,,26,504,pnc,2011,vs
North Seattle,2700,2.5,1.6,3.8,0.5151,20.440476190476193,,12,,,24,951,pnc,2011,vs
NW Seattle,2800,3.8,2.7,5.3,0.6356,16.682414698162731,,18,,,36,944,pnc,2011,vs
QA/Magnolia,2900,2.2,1.4,3.3,0.4553,20.417040358744394,,12,,,24,1076,pnc,2011,vs
Redmond,19000,3.0,2.3,4.0,0.432,14.163934426229508,,25,,,50,1637,pnc,2011,vs
Renton-East ,20000,4.1,2.9,5.7,0.6744,16.448780487804878,,19,,,37,902,pnc,2011,vs
Renton-North,20100,5.2,3.8,7.0,0.7809,14.902671755725191,,23,,,45,859,pnc,2011,vs
Renton-South,20200,5.1,4.0,6.4,0.597,11.614785992217898,,37,,,74,1441,pnc,2011,vs
Sammamish,21000,3.4,2.3,4.8,0.6098,17.935294117647057,,16,,,31,913,pnc,2011,vs
SE Seattle,2950,5.0,3.8,6.5,0.6724,13.474949899799599,,28,,,55,1103,pnc,2011,vs
SeaTac/Tukwila,22000,7.5,6.2,9.1,0.7285,9.661803713527853,,54,,,107,1420,pnc,2011,vs
Shoreline,23000,3.3,2.2,4.7,0.6099,18.594512195121954,,15,,,29,883,pnc,2011,vs
Snoqualmie/North Bend/Skykomish,24000,2.8,1.9,4.1,0.5356,18.925795053003529,,14,,,28,988,pnc,2011,vs
Vashon Island,25000,6.0,2.2,12.9,2.4495,40.825000000000003,,3,,,6,100,pnc,2011,vs
West Seattle,2960,2.4,1.6,3.5,0.4562,18.929460580912863,,14,,,28,1160,pnc,2011,vs
98001,98001,41.2,37.0,45.5,,,,221,,,221,536,childvac1935,2013,vs
98002,98002,40.3,36.9,43.8,,,,323,,,323,802,childvac1935,2013,vs
98003,98003,39.1,36.0,42.3,,,,371,,,371,949,childvac1935,2013,vs
98004,98004,44.7,40.1,49.3,,,,205,,,205,459,childvac1935,2013,vs
98005,98005,41.9,36.6,47.3,,,,144,,,144,344,childvac1935,2013,vs
98006,98006,35.0,30.9,39.3,,,,182,,,182,520,childvac1935,2013,vs
98007,98007,46.7,43.1,50.3,,,,359,,,359,769,childvac1935,2013,vs
98008,98008,39.4,34.8,44.2,,,,171,,,171,434,childvac1935,2013,vs
98009,98009,,,,,,,,,,,11,childvac1935,2013,vs
98010,98010,44.4,32.7,56.6,,,,32,,,32,72,childvac1935,2013,vs
98011,98011,43.9,39.2,48.7,,,,191,,,191,435,childvac1935,2013,vs
98013,98013,,,,,,,,,,,2,childvac1935,2013,vs
98014,98014,52.6,42.2,62.8,,,,51,,,51,97,childvac1935,2013,vs
98015,98015,,,,,,,,,,,5,childvac1935,2013,vs
98019,98019,45.0,38.1,52.0,,,,94,,,94,209,childvac1935,2013,vs
98022,98022,61.6,55.9,67.0,,,,189,,,189,307,childvac1935,2013,vs
98023,98023,42.9,39.6,46.3,,,,374,,,374,872,childvac1935,2013,vs
98024,98024,43.9,30.7,57.6,,,,25,,,25,57,childvac1935,2013,vs
98025,98025,,,,,,,,,,,7,childvac1935,2013,vs
98027,98027,36.5,32.0,41.3,,,,157,,,157,430,childvac1935,2013,vs
98029,98029,30.4,26.7,34.2,,,,183,,,183,602,childvac1935,2013,vs
98030,98030,45.6,42.2,49.1,,,,380,,,380,833,childvac1935,2013,vs
98031,98031,39.5,36.1,43.0,,,,320,,,320,810,childvac1935,2013,vs
98032,98032,35.9,32.6,39.3,,,,295,,,295,822,childvac1935,2013,vs
98033,98033,47.1,43.3,51.0,,,,312,,,312,662,childvac1935,2013,vs
98034,98034,48.0,44.7,51.4,,,,416,,,416,866,childvac1935,2013,vs
98035,98035,,,,,,,,,,,7,childvac1935,2013,vs
98038,98038,35.7,31.8,39.8,,,,203,,,203,568,childvac1935,2013,vs
98039,98039,,,,,,,,,,,27,childvac1935,2013,vs
98040,98040,45.2,39.5,51.1,,,,133,,,133,294,childvac1935,2013,vs
98042,98042,38.1,34.6,41.7,,,,284,,,284,746,childvac1935,2013,vs
98045,98045,38.1,31.4,45.2,,,,77,,,77,202,childvac1935,2013,vs
98047,98047,44.4,36.0,52.9,,,,63,,,63,142,childvac1935,2013,vs
98050,98050,,,,,,,,,,,11,childvac1935,2013,vs
98051,98051,,,,,,,,,,,41,childvac1935,2013,vs
98052,98052,42.7,40.2,45.2,,,,654,,,654,1533,childvac1935,2013,vs
98053,98053,38.8,33.6,44.1,,,,135,,,135,348,childvac1935,2013,vs
98054,98054,,,,,,,,,,,,childvac1935,2013,vs
98055,98055,43.8,39.0,48.8,,,,178,,,178,406,childvac1935,2013,vs
98056,98056,32.5,29.0,36.2,,,,219,,,219,674,childvac1935,2013,vs
98057,98057,39.9,33.4,46.7,,,,89,,,89,223,childvac1935,2013,vs
98058,98058,38.7,35.2,42.4,,,,279,,,279,720,childvac1935,2013,vs
98059,98059,36.2,32.8,39.7,,,,279,,,279,771,childvac1935,2013,vs
98062,98062,,,,,,,,,,,4,childvac1935,2013,vs
98063,98063,,,,,,,,,,,10,childvac1935,2013,vs
98064,98064,,,,,,,,,,,12,childvac1935,2013,vs
98065,98065,24.3,19.8,29.2,,,,82,,,82,338,childvac1935,2013,vs
98068,98068,,,,,,,,,,,1,childvac1935,2013,vs
98070,98070,76.5,65.8,85.2,,,,62,,,62,81,childvac1935,2013,vs
98071,98071,,,,,,,,,,,11,childvac1935,2013,vs
98072,98072,52.0,46.6,57.4,,,,179,,,179,344,childvac1935,2013,vs
98073,98073,,,,,,,,,,,10,childvac1935,2013,vs
98074,98074,37.2,32.9,41.6,,,,181,,,181,487,childvac1935,2013,vs
98075,98075,35.1,30.3,40.2,,,,130,,,130,370,childvac1935,2013,vs
98077,98077,49.2,40.4,58.1,,,,65,,,65,132,childvac1935,2013,vs
98082,98082,,,,,,,,,,,2,childvac1935,2013,vs
98083,98083,,,,,,,,,,,2,childvac1935,2013,vs
98089,98089,,,,,,,,,,,9,childvac1935,2013,vs
98092,98092,42.1,38.5,45.7,,,,310,,,310,737,childvac1935,2013,vs
98093,98093,,,,,,,,,,,13,childvac1935,2013,vs
98101,98101,41.1,31.1,51.6,,,,39,,,39,95,childvac1935,2013,vs
98102,98102,29.0,22.2,36.7,,,,47,,,47,162,childvac1935,2013,vs
98174,98174,,,,,,,,,,,,childvac1935,2013,vs
98104,98104,37.3,26.4,49.3,,,,28,,,28,75,childvac1935,2013,vs
98105,98105,31.5,27.3,36.1,,,,141,,,141,447,childvac1935,2013,vs
98106,98106,38.4,34.2,42.8,,,,199,,,199,518,childvac1935,2013,vs
98107,98107,42.3,36.9,47.9,,,,138,,,138,326,childvac1935,2013,vs
98108,98108,31.3,27.2,35.7,,,,149,,,149,476,childvac1935,2013,vs
98109,98109,40.1,33.8,46.6,,,,95,,,95,237,childvac1935,2013,vs
98111,98111,,,,,,,,,,,10,childvac1935,2013,vs
98112,98112,35.4,29.8,41.3,,,,99,,,99,280,childvac1935,2013,vs
98113,98113,,,,,,,,,,,5,childvac1935,2013,vs
98114,98114,,,,,,,,,,,4,childvac1935,2013,vs
98115,98115,26.4,23.4,29.6,,,,211,,,211,798,childvac1935,2013,vs
98116,98116,25.7,21.2,30.7,,,,89,,,89,346,childvac1935,2013,vs
98117,98117,36.2,32.4,40.1,,,,227,,,227,627,childvac1935,2013,vs
98118,98118,36.3,33.2,39.4,,,,350,,,350,965,childvac1935,2013,vs
98119,98119,32.5,26.9,38.5,,,,86,,,86,265,childvac1935,2013,vs
98121,98121,44.1,34.3,54.3,,,,45,,,45,102,childvac1935,2013,vs
98122,98122,31.7,27.1,36.5,,,,126,,,126,398,childvac1935,2013,vs
98124,98124,,,,,,,,,,,2,childvac1935,2013,vs
98125,98125,35.4,31.8,39.2,,,,241,,,241,680,childvac1935,2013,vs
98126,98126,32.2,28.0,36.6,,,,150,,,150,466,childvac1935,2013,vs
98127,98127,,,,,,,,,,,4,childvac1935,2013,vs
98129,98129,,,,,,,,,,,2,childvac1935,2013,vs
98131,98131,,,,,,,,,,,,childvac1935,2013,vs
98132,98132,,,,,,,,,,,,childvac1935,2013,vs
98133,98133,38.0,34.4,41.6,,,,279,,,279,735,childvac1935,2013,vs
98134,98134,,,,,,,,,,,4,childvac1935,2013,vs
98136,98136,23.2,18.0,29.0,,,,57,,,57,246,childvac1935,2013,vs
98138,98138,,,,,,,,,,,7,childvac1935,2013,vs
98144,98144,29.8,25.7,34.1,,,,145,,,145,487,childvac1935,2013,vs
98145,98145,,,,,,,,,,,4,childvac1935,2013,vs
98146,98146,34.6,30.6,38.8,,,,189,,,189,546,childvac1935,2013,vs
98148,98148,39.1,32.3,46.2,,,,79,,,79,202,childvac1935,2013,vs
98154,98154,,,,,,,,,,,,childvac1935,2013,vs
98155,98155,37.6,33.3,42.0,,,,187,,,187,498,childvac1935,2013,vs
98158,98158,,,,,,,,,,,1,childvac1935,2013,vs
98160,98160,,,,,,,,,,,,childvac1935,2013,vs
98161,98161,,,,,,,,,,,,childvac1935,2013,vs
98164,98164,,,,,,,,,,,3,childvac1935,2013,vs
98165,98165,,,,,,,,,,,5,childvac1935,2013,vs
98166,98166,38.6,33.3,44.2,,,,124,,,124,321,childvac1935,2013,vs
98168,98168,36.7,33.3,40.2,,,,289,,,289,787,childvac1935,2013,vs
98171,98171,,,,,,,,,,,,childvac1935,2013,vs
98177,98177,40.9,34.5,47.4,,,,96,,,96,235,childvac1935,2013,vs
98178,98178,36.0,31.7,40.5,,,,170,,,170,472,childvac1935,2013,vs
98188,98188,40.6,36.3,45.0,,,,209,,,209,515,childvac1935,2013,vs
98194,98194,,,,,,,,,,,,childvac1935,2013,vs
98195,98195,,,,,,,,,,,1,childvac1935,2013,vs
98198,98198,35.6,32.0,39.4,,,,234,,,234,657,childvac1935,2013,vs
98199,98199,33.8,28.6,39.2,,,,108,,,108,320,childvac1935,2013,vs
98224,98224,,,,,,,,,,,1,childvac1935,2013,vs
98288,98288,,,,,,,,,,,2,childvac1935,2013,vs
98001,98001,162.4,132.2,197.5,16.244599999999998,0.099997537703909,31769,50,,,100,61559,pqiacute,2011,vs
98002,98002,421.6,371.2,477.0,26.555900000000001,0.062994354303065,32059,126,,,252,59778,pqiacute,2011,vs
98003,98003,243.2,210.9,279.1,17.0701,0.070186669956005,43989,102,,,203,83467,pqiacute,2011,vs
98004,98004,53.6,36.0,77.0,9.961,0.185700969425802,28340,15,,,29,54063,pqiacute,2011,vs
98005,98005,86.3,58.3,123.2,15.7577,0.18257096512571,17669,15,,,30,34759,pqiacute,2011,vs
98006,98006,75.2,56.0,98.8,10.525600000000001,0.140023945723028,36549,26,,,51,67848,pqiacute,2011,vs
98007,98007,83.6,60.6,112.7,12.749599999999999,0.152507177033493,25236,22,,,43,51432,pqiacute,2011,vs
98008,98008,84.1,59.6,115.5,13.640499999999999,0.162213105006541,24423,19,,,38,45192,pqiacute,2011,vs
98009,98009,,,,,,,,,,,,pqiacute,2011,vs
98010,98010,143.6,76.6,244.8,39.819800000000001,0.277354600543289,4687,7,,,13,9055,pqiacute,2011,vs
98011,98011,168.3,136.7,205.1,17.005299999999998,0.101017583462041,29533,49,,,98,58214,pqiacute,2011,vs
98013,98013,,,,,,,,,,,,pqiacute,2011,vs
98014,98014,120.8,70.5,193.2,29.2989,0.242540562913907,7050,9,,,17,14073,pqiacute,2011,vs
98015,98015,,,,,,,,,,,,pqiacute,2011,vs
98019,98019,98.6,60.3,152.1,22.043299999999999,0.223608236964902,10650,10,,,20,20288,pqiacute,2011,vs
98022,98022,160.8,123.9,205.3,20.104299999999999,0.125003419759995,21217,32,,,64,39793,pqiacute,2011,vs
98023,98023,161.0,136.3,188.9,13.1485,0.081647416790859,48097,75,,,150,93147,pqiacute,2011,vs
98024,98024,94.6,49.0,164.7,27.3063,0.288680621630193,5539,6,,,12,12686,pqiacute,2011,vs
98025,98025,,,,,,,,,,,,pqiacute,2011,vs
98027,98027,97.5,72.7,128.1,13.6549,0.140021534044299,26752,26,,,51,52299,pqiacute,2011,vs
98028,98028,138.7,104.9,180.0,18.5382,0.133627910329417,20683,28,,,56,40367,pqiacute,2011,vs
98029,98029,62.4,41.5,90.1,11.783799999999999,0.188994386527666,24682,14,,,28,44905,pqiacute,2011,vs
98030,98030,176.8,146.4,211.7,16.273499999999999,0.092055096730399,34799,59,,,118,66751,pqiacute,2011,vs
98031,98031,159.3,131.8,190.9,14.731400000000001,0.092452617045312,38124,59,,,117,73426,pqiacute,2011,vs
98032,98032,192.1,159.8,229.0,17.247699999999998,0.089803707174841,31706,62,,,124,64562,pqiacute,2011,vs
98033,98033,67.3,49.7,89.3,9.7195,0.144334719334719,34717,24,,,48,71281,pqiacute,2011,vs
98034,98034,117.5,95.4,143.1,11.8643,0.101015751383567,40226,49,,,98,83439,pqiacute,2011,vs
98035,98035,,,,,,,,,,,,pqiacute,2011,vs
98038,98038,115.6,89.1,147.6,14.452199999999999,0.124997405293202,29967,32,,,64,55355,pqiacute,2011,vs
98039,98039,,,,21.1814,1.000066100094429,2973,,,,,4721,pqiacute,2011,vs
98040,98040,81.5,55.4,115.6,14.628299999999999,0.179598526703499,22710,16,,,31,38062,pqiacute,2011,vs
98041,98041,,,,,,,,,,,,pqiacute,2011,vs
98042,98042,142.3,118.1,170.0,12.932700000000001,0.09090889919865,44285,61,,,121,85055,pqiacute,2011,vs
98045,98045,136.6,96.8,187.6,22.166499999999999,0.162225556206089,14082,19,,,38,27810,pqiacute,2011,vs
98047,98047,327.7,234.4,446.5,51.817900000000002,0.158111555243646,6389,20,,,40,12205,pqiacute,2011,vs
98050,98050,,,,,,,,,,,,pqiacute,2011,vs
98051,98051,90.5,39.1,176.9,31.993300000000001,0.353556194054592,4574,4,,,8,8841,pqiacute,2011,vs
98052,98052,75.8,61.0,93.2,7.9926,0.105415457662886,59287,45,,,90,118695,pqiacute,2011,vs
98053,98053,82.2,54.7,118.9,15.541600000000001,0.18897859922179,19119,14,,,28,34047,pqiacute,2011,vs
98054,98054,,,,,,,,,,,,pqiacute,2011,vs
98055,98055,123.1,92.5,160.5,16.753399999999999,0.136084802209406,22230,27,,,54,43863,pqiacute,2011,vs
98056,98056,117.9,93.4,146.9,13.2643,0.112504664970314,33531,40,,,79,67008,pqiacute,2011,vs
98057,98057,,,,,,,,,,,,pqiacute,2011,vs
98058,98058,124.8,101.8,151.4,12.3545,0.099018193475996,42270,51,,,102,81748,pqiacute,2011,vs
98059,98059,125.6,99.8,156.1,13.955399999999999,0.111109872611465,33641,41,,,81,64491,pqiacute,2011,vs
98062,98062,,,,,,,,,,,,pqiacute,2011,vs
98063,98063,,,,,,,,,,,,pqiacute,2011,vs
98064,98064,,,,,,,,,,,,pqiacute,2011,vs
98065,98065,137.0,91.9,196.8,25.4451,0.18568999489163,12942,15,,,29,21164,pqiacute,2011,vs
98068,98068,,,,,,,,,,,,pqiacute,2011,vs
98070,98070,64.6,34.4,110.1,17.909199999999998,0.277361003562026,10739,7,,,13,20132,pqiacute,2011,vs
98071,98071,,,,,,,,,,,,pqiacute,2011,vs
98072,98072,112.3,83.2,148.6,16.048500000000001,0.142856507032224,22382,25,,,49,43618,pqiacute,2011,vs
98073,98073,,,,,,,,,,,,pqiacute,2011,vs
98074,98074,68.2,47.0,95.8,11.869199999999999,0.174086242299795,25811,17,,,33,48399,pqiacute,2011,vs
98075,98075,34.5,18.4,58.8,9.5671,0.277387648593795,21118,7,,,13,37687,pqiacute,2011,vs
98077,98077,75.1,46.0,116.0,16.8003,0.223616398243045,13737,10,,,20,26619,pqiacute,2011,vs
98082,98082,,,,,,,,,,,,pqiacute,2011,vs
98083,98083,,,,,,,,,,,,pqiacute,2011,vs
98089,98089,,,,,,,,,,,,pqiacute,2011,vs
98092,98092,191.7,161.6,225.7,16.026199999999999,0.083622228019828,39212,72,,,143,74617,pqiacute,2011,vs
98093,98093,,,,,,,,,,,,pqiacute,2011,vs
98101,98101,360.6,288.9,444.6,38.658099999999997,0.107210882467136,10240,44,,,87,24128,pqiacute,2011,vs
98102,98102,43.5,28.2,64.3,8.7066,0.200013783597519,22102,13,,,25,57428,pqiacute,2011,vs
98103,98103,61.0,47.3,77.4,7.4526,0.122173770491803,46297,34,,,67,109832,pqiacute,2011,vs
98104,98104,609.2,524.5,703.8,44.908799999999999,0.073721292906742,13052,92,,,184,30205,pqiacute,2011,vs
98105,98105,31.2,21.4,44.1,5.5222,0.176766965428937,41329,16,,,32,102438,pqiacute,2011,vs
98106,98106,156.6,123.5,196.0,17.9665,0.114706633467407,23225,38,,,76,48523,pqiacute,2011,vs
98107,98107,83.4,60.4,112.4,12.7173,0.152503897349802,21912,22,,,43,51563,pqiacute,2011,vs
98108,98108,132.5,100.9,170.8,17.248699999999999,0.130188693486301,22818,30,,,59,44532,pqiacute,2011,vs
98109,98109,107.9,80.1,142.3,15.2577,0.141419037908981,19214,25,,,50,46344,pqiacute,2011,vs
98111,98111,,,,,,,,,,,,pqiacute,2011,vs
98112,98112,63.8,42.1,92.9,12.2834,0.192439291869027,20253,14,,,27,42302,pqiacute,2011,vs
98113,98113,,,,,,,,,,,,pqiacute,2011,vs
98114,98114,,,,,,,,,,,,pqiacute,2011,vs
98115,98115,79.4,62.7,99.2,9.0528,0.113957703927492,46365,39,,,77,96931,pqiacute,2011,vs
98116,98116,98.6,72.0,132.0,14.6983,0.149069979716024,21841,23,,,45,45639,pqiacute,2011,vs
98117,98117,97.8,75.4,124.8,12.225899999999999,0.12499642163378,30609,32,,,64,65435,pqiacute,2011,vs
98118,98118,134.9,111.1,162.5,12.808299999999999,0.094918482288424,43139,56,,,111,82256,pqiacute,2011,vs
98119,98119,55.4,37.4,79.1,10.1145,0.182572202166065,22464,15,,,30,54152,pqiacute,2011,vs
98121,98121,130.1,95.0,174.2,19.391500000000001,0.14907364698647,13131,23,,,45,34593,pqiacute,2011,vs
98122,98122,113.1,90.4,139.8,12.2681,0.108461674476174,31112,43,,,85,75151,pqiacute,2011,vs
98124,98124,,,,,,,,,,,,pqiacute,2011,vs
98125,98125,105.4,83.9,130.8,11.6442,0.110434370257967,36997,41,,,82,77767,pqiacute,2011,vs
98126,98126,108.8,80.0,144.8,15.8771,0.145862195682131,21339,24,,,47,43180,pqiacute,2011,vs
98132,98132,,,,,,,,,,,,pqiacute,2011,vs
98133,98133,133.4,110.8,159.2,12.0763,0.090533773146413,45023,61,,,122,91463,pqiacute,2011,vs
98134,98134,241.7,97.2,493.1,91.333799999999997,0.377959031657356,1125,4,,,7,2897,pqiacute,2011,vs
98136,98136,70.3,43.6,107.3,15.3338,0.218212608510033,14478,11,,,21,29885,pqiacute,2011,vs
98138,98138,,,,,,,,,,,,pqiacute,2011,vs
98139,98139,,,,,,,,,,,,pqiacute,2011,vs
98141,98141,,,,,,,,,,,,pqiacute,2011,vs
98144,98144,167.3,135.3,204.7,17.257000000000001,0.103143864682326,27591,47,,,94,56182,pqiacute,2011,vs
98145,98145,,,,,,,,,,,,pqiacute,2011,vs
98146,98146,178.4,143.7,218.9,18.698699999999999,0.104830969333408,26093,46,,,91,51016,pqiacute,2011,vs
98148,98148,156.6,104.2,226.4,29.596599999999999,0.188982823574484,8910,14,,,28,17879,pqiacute,2011,vs
98154,98154,,,,,,,,,,,,pqiacute,2011,vs
98155,98155,140.0,112.9,171.7,14.5999,0.104255212796344,32789,46,,,92,65697,pqiacute,2011,vs
98158,98158,,,,,,,,,,,,pqiacute,2011,vs
98160,98160,,,,,,,,,,,,pqiacute,2011,vs
98161,98161,,,,,,,,,,,,pqiacute,2011,vs
98164,98164,,,,,,,,,,,,pqiacute,2011,vs
98165,98165,,,,,,,,,,,,pqiacute,2011,vs
98166,98166,161.4,124.7,205.7,20.023399999999999,0.12403766338351,21242,33,,,65,40264,pqiacute,2011,vs
98168,98168,155.9,127.7,188.5,15.142300000000001,0.097128287363695,34408,53,,,106,67993,pqiacute,2011,vs
98171,98171,,,,,,,,,,,,pqiacute,2011,vs
98174,98174,,,,,,,,,,,,pqiacute,2011,vs
98175,98175,,,,,,,,,,,,pqiacute,2011,vs
98177,98177,109.9,77.9,150.9,17.8324,0.162215955608114,18788,19,,,38,34569,pqiacute,2011,vs
98178,98178,136.0,103.8,174.9,17.552099999999999,0.129097528684907,22697,30,,,60,44131,pqiacute,2011,vs
98188,98188,139.7,107.2,179.0,17.744,0.126996850844546,22102,31,,,62,44375,pqiacute,2011,vs
98194,98194,,,,,,,,,,,,pqiacute,2011,vs
98195,98195,0.0,0.0,44.0,0,,2902,0,,,0,8372,pqiacute,2011,vs
98198,98198,168.2,138.5,202.3,15.8908,0.094492477849795,34863,56,,,112,66598,pqiacute,2011,vs
98199,98199,57.7,36.6,86.5,12.0212,0.208520381613183,19684,12,,,23,39895,pqiacute,2011,vs
98224,98224,,,,369.87990000000002,0.999999729642046,129,,,,,270,pqiacute,2011,vs
98288,98288,,,,,,,,,,,,pqiacute,2011,vs
98001,98001,484.1,430.8,542.3,28.0426,0.057928484372741,31769,149,,,298,61559,pqiall,2011,vs
98002,98002,1069.0,987.8,1155.2,42.287399999999998,0.039559384822631,32059,320,,,639,59778,pqiall,2011,vs
98003,98003,752.4,694.8,813.6,30.023900000000001,0.039904173312068,43989,314,,,628,83467,pqiall,2011,vs
98004,98004,131.3,102.6,165.6,15.585900000000001,0.118677377598416,28340,36,,,71,54063,pqiall,2011,vs
98005,98005,178.4,136.8,228.5,22.653199999999998,0.127001177328026,17669,31,,,62,34759,pqiall,2011,vs
98006,98006,221.1,187.2,259.4,18.051300000000001,0.081650533743441,36549,75,,,150,67848,pqiall,2011,vs
98007,98007,250.8,209.5,298.0,22.082999999999998,0.088046728599338,25236,65,,,129,51432,pqiall,2011,vs
98008,98008,196.9,158.2,242.3,20.875299999999999,0.105998273585864,24423,45,,,89,45192,pqiall,2011,vs
98009,98009,,,,,,,,,,,,pqiall,2011,vs
98010,98010,596.4,448.4,777.5,81.156700000000001,0.136082195915356,4687,27,,,54,9055,pqiall,2011,vs
98011,98011,302.3,259.4,350.4,22.789100000000001,0.075378229087421,29533,88,,,176,58214,pqiall,2011,vs
98013,98013,,,,,,,,,,,,pqiall,2011,vs
98014,98014,348.2,257.8,460.6,49.742100000000001,0.14285907119676,7050,25,,,49,14073,pqiall,2011,vs
98015,98015,,,,,,,,,,,,pqiall,2011,vs
98019,98019,157.7,108.0,222.7,27.8828,0.17677550244088,10650,16,,,32,20288,pqiall,2011,vs
98022,98022,399.6,340.0,466.7,31.688199999999998,0.079305753685212,21217,80,,,159,39793,pqiall,2011,vs
98023,98023,441.2,399.6,486.0,21.764600000000002,0.049325990390717,48097,206,,,411,93147,pqiall,2011,vs
98024,98024,307.4,218.8,420.5,49.2271,0.16012978986403,5539,20,,,39,12686,pqiall,2011,vs
98025,98025,,,,,,,,,,,,pqiall,2011,vs
98027,98027,219.9,181.6,263.9,20.5047,0.093249806721543,26752,58,,,115,52299,pqiall,2011,vs
98028,98028,262.6,215.1,317.5,25.505099999999999,0.097128984348223,20683,53,,,106,40367,pqiall,2011,vs
98029,98029,133.6,102.0,171.9,17.249700000000001,0.12909519533004,24682,30,,,60,44905,pqiall,2011,vs
98030,98030,506.4,453.9,563.3,27.542100000000001,0.054392329567896,34799,169,,,338,66751,pqiall,2011,vs
98031,98031,452.2,404.9,503.5,24.815300000000001,0.054881679051663,38124,166,,,332,73426,pqiall,2011,vs
98032,98032,520.4,466.3,579.2,28.3916,0.054554118709529,31706,168,,,336,64562,pqiall,2011,vs
98033,98033,150.1,123.1,181.4,14.5116,0.096673106388648,34717,54,,,107,71281,pqiall,2011,vs
98034,98034,300.8,264.8,340.4,18.987400000000001,0.063118808589854,40226,126,,,251,83439,pqiall,2011,vs
98035,98035,,,,,,,,,,,,pqiall,2011,vs
98038,98038,269.2,227.8,316.0,22.051400000000001,0.081923691347476,29967,75,,,149,55355,pqiall,2011,vs
98039,98039,,,,29.955100000000002,0.707155335221908,2973,,,,,4721,pqiall,2011,vs
98040,98040,144.5,108.9,187.9,19.4847,0.134842214532872,22710,28,,,55,38062,pqiall,2011,vs
98041,98041,,,,,,,,,,,,pqiall,2011,vs
98042,98042,343.3,305.1,385.0,20.090399999999999,0.058519705222685,44285,146,,,292,85055,pqiall,2011,vs
98045,98045,287.7,228.2,357.9,32.162599999999998,0.111803802968679,14082,40,,,80,27810,pqiall,2011,vs
98047,98047,868.5,711.3,1050.2,84.353399999999993,0.09712874365263,6389,53,,,106,12205,pqiall,2011,vs
98050,98050,,,,,,,,,,,,pqiall,2011,vs
98051,98051,248.9,156.2,376.6,53.0548,0.213199919630299,4574,11,,,22,8841,pqiall,2011,vs
98052,98052,196.3,171.9,223.2,12.860200000000001,0.065512990320937,59287,117,,,233,118695,pqiall,2011,vs
98053,98053,135.1,99.0,180.3,19.920300000000001,0.147437643401673,19119,23,,,46,34047,pqiall,2011,vs
98054,98054,,,,,,,,,,,,pqiall,2011,vs
98055,98055,449.1,388.7,516.4,31.999099999999999,0.071246855030837,22230,99,,,197,43863,pqiall,2011,vs
98056,98056,343.2,300.4,390.6,22.6326,0.065938119100338,33531,115,,,230,67008,pqiall,2011,vs
98057,98057,,,,,,,,,,,,pqiall,2011,vs
98058,98058,371.9,331.3,416.1,21.328600000000002,0.057353447348607,42270,152,,,304,81748,pqiall,2011,vs
98059,98059,271.4,232.7,314.7,20.5124,0.075593882439654,33641,88,,,175,64491,pqiall,2011,vs
98062,98062,,,,,,,,,,,,pqiall,2011,vs
98063,98063,,,,,,,,,,,,pqiall,2011,vs
98064,98064,,,,,,,,,,,,pqiall,2011,vs
98065,98065,259.9,195.9,338.0,35.041899999999998,0.134838771740803,12942,28,,,55,21164,pqiall,2011,vs
98068,98068,,,,,,,,,,,,pqiall,2011,vs
98070,98070,258.3,193.1,338.4,35.818399999999997,0.138675132602888,10739,26,,,52,20132,pqiall,2011,vs
98071,98071,,,,,,,,,,,,pqiall,2011,vs
98072,98072,291.2,242.8,346.4,25.8369,0.088734759762338,22382,64,,,127,43618,pqiall,2011,vs
98073,98073,,,,,,,,,,,,pqiall,2011,vs
98074,98074,132.2,101.9,168.8,16.529299999999999,0.125004159419194,25811,32,,,64,48399,pqiall,2011,vs
98075,98075,79.6,53.8,113.7,14.5334,0.18258040201005,21118,15,,,30,37687,pqiall,2011,vs
98077,98077,150.3,107.5,204.7,23.7592,0.158110068543289,13737,20,,,40,26619,pqiall,2011,vs
98082,98082,,,,,,,,,,,,pqiall,2011,vs
98083,98083,,,,,,,,,,,,pqiall,2011,vs
98089,98089,,,,,,,,,,,,pqiall,2011,vs
98092,98092,498.6,449.2,551.9,25.848400000000002,0.051847156754588,39212,186,,,372,74617,pqiall,2011,vs
98093,98093,,,,,,,,,,,,pqiall,2011,vs
98101,98101,1098.3,970.2,1238.8,67.468900000000005,0.061429742058253,10240,133,,,265,24128,pqiall,2011,vs
98102,98102,132.3,104.3,165.6,15.180400000000001,0.114707571406982,22102,38,,,76,57428,pqiall,2011,vs
98103,98103,163.9,140.9,189.7,12.215400000000001,0.074534138751602,46297,90,,,180,109832,pqiall,2011,vs
98104,98104,1953.3,1799.0,2117.6,80.417100000000005,0.041169444842627,13052,295,,,590,30205,pqiall,2011,vs
98105,98105,91.8,74.2,112.3,9.464700000000001,0.103146251089799,41329,47,,,94,102438,pqiall,2011,vs
98106,98106,566.8,501.8,637.9,34.176099999999998,0.060301896779885,23225,138,,,275,48523,pqiall,2011,vs
98107,98107,192.0,156.1,233.7,19.296399999999998,0.100502083333333,21912,50,,,99,51563,pqiall,2011,vs
98108,98108,402.0,345.3,465.3,30.043900000000001,0.074743506816599,22818,90,,,179,44532,pqiall,2011,vs
98109,98109,302.1,254.2,356.4,25.530999999999999,0.084514548644444,19214,70,,,140,46344,pqiall,2011,vs
98111,98111,,,,,,,,,,,,pqiall,2011,vs
98112,98112,177.3,139.5,222.2,20.4724,0.115467569091935,20253,38,,,75,42302,pqiall,2011,vs
98113,98113,,,,,,,,,,,,pqiall,2011,vs
98114,98114,,,,,,,,,,,,pqiall,2011,vs
98115,98115,166.1,141.5,193.8,13.090299999999999,0.078809753160747,46365,81,,,161,96931,pqiall,2011,vs
98116,98116,243.2,200.2,292.8,23.084599999999998,0.094916327453641,21841,56,,,111,45639,pqiall,2011,vs
98117,98117,189.5,157.7,225.9,17.017700000000001,0.089803166226913,30609,62,,,124,65435,pqiall,2011,vs
98118,98118,494.8,447.9,545.3,24.5261,0.049568705915641,43139,204,,,407,82256,pqiall,2011,vs
98119,98119,110.8,84.6,142.5,14.3041,0.129098375451264,22464,30,,,60,54152,pqiall,2011,vs
98121,98121,459.6,391.1,536.9,36.450600000000001,0.07930594839215,13131,80,,,159,34593,pqiall,2011,vs
98122,98122,417.8,372.9,466.7,23.5793,0.05643275973482,31112,157,,,314,75151,pqiall,2011,vs
98124,98124,,,,,,,,,,,,pqiall,2011,vs
98125,98125,299.6,262.4,340.7,19.628299999999999,0.065512833350022,36997,117,,,233,77767,pqiall,2011,vs
98126,98126,331.2,279.2,390.1,27.694299999999998,0.083623105259979,21339,72,,,143,43180,pqiall,2011,vs
98127,98127,,,,,,,,,,,,pqiall,2011,vs
98129,98129,,,,,,,,,,,,pqiall,2011,vs
98131,98131,,,,,,,,,,,,pqiall,2011,vs
98132,98132,,,,,,,,,,,,pqiall,2011,vs
98133,98133,399.1,359.2,442.2,20.888200000000001,0.052342195604781,45023,183,,,365,91463,pqiall,2011,vs
98134,98134,759.5,476.6,1149.3,161.91749999999999,0.213200826903326,1125,11,,,22,2897,pqiall,2011,vs
98136,98136,170.7,127.2,224.2,23.896000000000001,0.140029299736302,14478,26,,,51,29885,pqiall,2011,vs
98138,98138,,,,,,,,,,,,pqiall,2011,vs
98139,98139,,,,,,,,,,,,pqiall,2011,vs
98141,98141,,,,,,,,,,,,pqiall,2011,vs
98144,98144,482.4,426.7,543.4,29.301300000000001,0.060745708599386,27591,136,,,271,56182,pqiall,2011,vs
98145,98145,,,,,,,,,,,,pqiall,2011,vs
98146,98146,601.8,536.4,673.0,34.344700000000003,0.057072801901059,26093,154,,,307,51016,pqiall,2011,vs
98148,98148,570.5,465.4,692.4,56.488799999999998,0.099014565914708,8910,51,,,102,17879,pqiall,2011,vs
98154,98154,,,,,,,,,,,,pqiall,2011,vs
98155,98155,363.8,319.2,413.0,23.5318,0.064685120536573,32789,120,,,239,65697,pqiall,2011,vs
98158,98158,,,,,,,,,,,,pqiall,2011,vs
98160,98160,,,,,,,,,,,,pqiall,2011,vs
98161,98161,,,,,,,,,,,,pqiall,2011,vs
98164,98164,,,,,,,,,,,,pqiall,2011,vs
98165,98165,,,,,,,,,,,,pqiall,2011,vs
98166,98166,437.1,375.0,506.7,32.948700000000002,0.075378508842168,21242,88,,,176,40264,pqiall,2011,vs
98168,98168,613.3,555.9,675.1,30.0335,0.048970324474156,34408,209,,,417,67993,pqiall,2011,vs
98171,98171,,,,,,,,,,,,pqiall,2011,vs
98174,98174,,,,,,,,,,,,pqiall,2011,vs
98175,98175,,,,,,,,,,,,pqiall,2011,vs
98177,98177,251.7,201.7,310.3,26.982199999999999,0.107212619700401,18788,44,,,87,34569,pqiall,2011,vs
98178,98178,636.7,564.5,715.7,37.9846,0.059654804158683,22697,141,,,281,44131,pqiall,2011,vs
98188,98188,540.8,474.7,613.8,34.911000000000001,0.064549589527402,22102,120,,,240,44375,pqiall,2011,vs
98194,98194,,,,,,,,,,,,pqiall,2011,vs
98195,98195,0.0,0.0,44.0,0,,2902,0,,,0,8372,pqiall,2011,vs
98198,98198,513.5,460.6,571.0,27.7683,0.054073374486398,34863,171,,,342,66598,pqiall,2011,vs
98199,98199,162.9,125.8,207.6,20.2087,0.124033020315473,19684,33,,,65,39895,pqiall,2011,vs
98224,98224,,,,523.08910000000003,0.707106493998053,129,,,,,270,pqiall,2011,vs
98288,98288,,,,,,,,,,,,pqiall,2011,vs
98001,98001,321.6,278.5,369.7,22.8582,0.071067653276956,31769,99,,,198,61559,pqichronic,2011,vs
98002,98002,647.4,584.6,715.3,32.909100000000002,0.050832715477294,32059,194,,,387,59778,pqichronic,2011,vs
98003,98003,509.2,462.0,560.0,24.699100000000001,0.048506647813194,43989,213,,,425,83467,pqichronic,2011,vs
98004,98004,77.7,56.0,105.1,11.987399999999999,0.154297850431201,28340,21,,,42,54063,pqichronic,2011,vs
98005,98005,92.1,63.0,130.0,16.2745,0.176781446882468,17669,16,,,32,34759,pqichronic,2011,vs
98006,98006,145.9,118.6,177.6,14.664899999999999,0.100506476595161,36549,50,,,99,67848,pqichronic,2011,vs
98007,98007,167.2,133.8,206.4,18.0307,0.107832665510436,25236,43,,,86,51432,pqichronic,2011,vs
98008,98008,112.8,84.1,148.3,15.8024,0.140030128489145,24423,26,,,51,45192,pqichronic,2011,vs
98009,98009,,,,,,,,,,,,pqichronic,2011,vs
98010,98010,452.8,325.3,614.6,70.716300000000004,0.156172125173914,4687,21,,,41,9055,pqichronic,2011,vs
98011,98011,134.0,106.0,167.2,15.171099999999999,0.11322561385178,29533,39,,,78,58214,pqichronic,2011,vs
98013,98013,,,,,,,,,,,,pqichronic,2011,vs
98014,98014,227.4,155.7,321.1,40.197699999999998,0.176778662210299,7050,16,,,32,14073,pqichronic,2011,vs
98015,98015,,,,,,,,,,,,pqichronic,2011,vs
98019,98019,59.2,30.6,103.0,17.0746,0.288666103127642,10650,6,,,12,20288,pqichronic,2011,vs
98022,98022,238.7,193.2,291.8,24.494,0.102596967412248,21217,48,,,95,39793,pqichronic,2011,vs
98023,98023,280.2,247.3,316.3,17.344100000000001,0.061899000713776,48097,131,,,261,93147,pqichronic,2011,vs
98024,98024,212.8,140.4,309.7,40.959400000000002,0.192451252173096,5539,14,,,27,12686,pqichronic,2011,vs
98025,98025,,,,,,,,,,,,pqichronic,2011,vs
98027,98027,122.4,94.3,156.2,15.2966,0.125002860178148,26752,32,,,64,52299,pqichronic,2011,vs
98028,98028,123.9,92.0,163.4,17.516999999999999,0.141425803326336,20683,25,,,50,40367,pqichronic,2011,vs
98029,98029,71.3,48.8,100.6,12.5974,0.176780802694359,24682,16,,,32,44905,pqichronic,2011,vs
98030,98030,329.6,287.5,376.1,22.220300000000002,0.067420049760301,34799,110,,,220,66751,pqichronic,2011,vs
98031,98031,292.8,255.0,334.7,19.9696,0.068199856562276,38124,108,,,215,73426,pqichronic,2011,vs
98032,98032,328.4,285.7,375.7,22.552199999999999,0.068681325374589,31706,106,,,212,64562,pqichronic,2011,vs
98033,98033,82.8,63.0,106.7,10.7758,0.130189682252024,34717,30,,,59,71281,pqichronic,2011,vs
98034,98034,183.4,155.5,214.8,14.824299999999999,0.080843649451928,40226,77,,,153,83439,pqichronic,2011,vs
98035,98035,,,,,,,,,,,,pqichronic,2011,vs
98038,98038,153.6,122.7,189.8,16.6553,0.108468251383914,29967,43,,,85,55355,pqichronic,2011,vs
98039,98039,,,,21.1814,1.000066100094429,2973,,,,,4721,pqichronic,2011,vs
98040,98040,63.1,40.5,93.8,12.8712,0.204110371075166,22710,12,,,24,38062,pqichronic,2011,vs
98041,98041,,,,,,,,,,,,pqichronic,2011,vs
98042,98042,201.1,172.1,233.5,15.3743,0.076470032330266,44285,86,,,171,85055,pqichronic,2011,vs
98045,98045,151.0,109.0,204.3,23.303999999999998,0.154300470105277,14082,21,,,42,27810,pqichronic,2011,vs
98047,98047,540.8,418.5,687.6,66.561300000000003,0.123090707350902,6389,33,,,66,12205,pqichronic,2011,vs
98050,98050,,,,,,,,,,,,pqichronic,2011,vs
98051,98051,158.4,86.7,265.1,42.323099999999997,0.267258777469058,4574,7,,,14,8841,pqichronic,2011,vs
98052,98052,120.5,101.6,141.9,10.0748,0.083622177954847,59287,72,,,143,118695,pqichronic,2011,vs
98053,98053,52.9,31.4,83.5,12.461,0.235691318327974,19119,9,,,18,34047,pqichronic,2011,vs
98054,98054,,,,,,,,,,,,pqichronic,2011,vs
98055,98055,326.0,274.9,384.0,27.263000000000002,0.083623704067235,22230,72,,,143,43863,pqichronic,2011,vs
98056,98056,225.3,190.9,264.3,18.3383,0.0813805804562,33531,76,,,151,67008,pqichronic,2011,vs
98057,98057,,,,,,,,,,,,pqichronic,2011,vs
98058,98058,247.1,214.3,283.6,17.385999999999999,0.07036017806556,42270,101,,,202,81748,pqichronic,2011,vs
98059,98059,145.8,117.8,178.3,15.0336,0.103139407244786,33641,47,,,94,64491,pqichronic,2011,vs
98062,98062,,,,,,,,,,,,pqichronic,2011,vs
98063,98063,,,,,,,,,,,,pqichronic,2011,vs
98064,98064,,,,,,,,,,,,pqichronic,2011,vs
98065,98065,122.8,80.3,180.0,24.0931,0.19611803011803,12942,13,,,26,21164,pqichronic,2011,vs
98068,98068,,,,,,,,,,,,pqichronic,2011,vs
98070,98070,193.7,137.9,264.9,31.0197,0.16012647119554,10739,20,,,39,20132,pqichronic,2011,vs
98071,98071,,,,,,,,,,,,pqichronic,2011,vs
98072,98072,178.8,141.4,223.1,20.248100000000001,0.113225409606889,22382,39,,,78,43618,pqichronic,2011,vs
98073,98073,,,,,,,,,,,,pqichronic,2011,vs
98074,98074,64.0,43.6,90.9,11.5039,0.179608118657299,25811,16,,,31,48399,pqichronic,2011,vs
98075,98075,45.1,26.3,72.1,10.9404,0.242527155841277,21118,9,,,17,37687,pqichronic,2011,vs
98077,98077,75.1,46.0,116.0,16.8003,0.223616398243045,13737,10,,,20,26619,pqichronic,2011,vs
98082,98082,,,,,,,,,,,,pqichronic,2011,vs
98083,98083,,,,,,,,,,,,pqichronic,2011,vs
98089,98089,,,,,,,,,,,,pqichronic,2011,vs
98092,98092,306.9,268.5,349.3,20.2806,0.06608211143695,39212,115,,,229,74617,pqichronic,2011,vs
98093,98093,,,,,,,,,,,,pqichronic,2011,vs
98101,98101,737.7,633.5,854.4,55.2956,0.074952693360805,10240,89,,,178,24128,pqichronic,2011,vs
98102,98102,88.8,66.2,116.7,12.435499999999999,0.140023645985812,22102,26,,,51,57428,pqichronic,2011,vs
98103,98103,102.9,84.8,123.7,9.678599999999999,0.094076594090202,46297,57,,,113,109832,pqichronic,2011,vs
98104,98104,1344.2,1216.7,1481.5,66.709199999999996,0.049629282446156,13052,203,,,406,30205,pqichronic,2011,vs
98105,98105,60.5,46.4,77.5,7.6866,0.127009253139458,41329,31,,,62,102438,pqichronic,2011,vs
98106,98106,410.1,355.2,471.2,29.072500000000002,0.070887788939822,23225,100,,,199,48523,pqichronic,2011,vs
98107,98107,108.6,82.1,140.9,14.5129,0.133636279926335,21912,28,,,56,51563,pqichronic,2011,vs
98108,98108,269.5,223.5,322.2,24.5991,0.091286970720303,22818,60,,,120,44532,pqichronic,2011,vs
98109,98109,194.2,156.2,238.6,20.470400000000001,0.10540885684861,19214,45,,,90,46344,pqichronic,2011,vs
98111,98111,,,,,,,,,,,,pqichronic,2011,vs
98112,98112,113.5,83.7,150.5,16.3779,0.144336829117828,20253,24,,,48,42302,pqichronic,2011,vs
98113,98113,,,,,,,,,,,,pqichronic,2011,vs
98114,98114,,,,,,,,,,,,pqichronic,2011,vs
98115,98115,86.7,69.2,107.3,9.455299999999999,0.109108008308331,46365,42,,,84,96931,pqichronic,2011,vs
98116,98116,144.6,111.9,183.9,17.8005,0.123093147085264,21841,33,,,66,45639,pqichronic,2011,vs
98117,98117,91.7,70.0,118.0,11.8377,0.129105682189988,30609,30,,,60,65435,pqichronic,2011,vs
98118,98118,359.9,320.1,403.3,20.915900000000001,0.058123940530777,43139,148,,,296,82256,pqichronic,2011,vs
98119,98119,55.4,37.4,79.1,10.1145,0.182572202166065,22464,15,,,30,54152,pqichronic,2011,vs
98121,98121,329.5,271.9,395.8,30.8645,0.093659343327062,13131,57,,,114,34593,pqichronic,2011,vs
98122,98122,304.7,266.6,346.9,20.136500000000002,0.066081976896823,31112,115,,,229,75151,pqichronic,2011,vs
98124,98124,,,,,,,,,,,,pqichronic,2011,vs
98125,98125,194.2,164.5,227.7,15.801299999999999,0.081378688777875,36997,76,,,151,77767,pqichronic,2011,vs
98126,98126,222.3,180.2,271.4,22.691199999999998,0.102060900463275,21339,48,,,96,43180,pqichronic,2011,vs
98127,98127,,,,,,,,,,,,pqichronic,2011,vs
98129,98129,,,,,,,,,,,,pqichronic,2011,vs
98131,98131,,,,,,,,,,,,pqichronic,2011,vs
98132,98132,,,,,,,,,,,,pqichronic,2011,vs
98133,98133,265.7,233.4,301.3,17.043399999999998,0.064150105389943,45023,122,,,243,91463,pqichronic,2011,vs
98134,98134,517.8,290.3,852.4,133.69900000000001,0.258200884494313,1125,8,,,15,2897,pqichronic,2011,vs
98136,98136,100.4,67.8,143.3,18.327400000000001,0.18258019525802,14478,15,,,30,29885,pqichronic,2011,vs
98138,98138,,,,,,,,,,,,pqichronic,2011,vs
98139,98139,,,,,,,,,,,,pqichronic,2011,vs
98141,98141,,,,,,,,,,,,pqichronic,2011,vs
98144,98144,315.1,270.4,365.0,23.680399999999999,0.075163942231392,27591,89,,,177,56182,pqichronic,2011,vs
98145,98145,,,,,,,,,,,,pqichronic,2011,vs
98146,98146,423.4,368.9,483.8,28.808299999999999,0.068041994378705,26093,108,,,216,51016,pqichronic,2011,vs
98148,98148,413.9,325.2,519.4,48.114800000000002,0.116247402754288,8910,37,,,74,17879,pqichronic,2011,vs
98154,98154,,,,,,,,,,,,pqichronic,2011,vs
98155,98155,223.8,189.1,263.0,18.454999999999998,0.082476760815159,32789,74,,,147,65697,pqichronic,2011,vs
98158,98158,,,,,,,,,,,,pqichronic,2011,vs
98160,98160,,,,,,,,,,,,pqichronic,2011,vs
98161,98161,,,,,,,,,,,,pqichronic,2011,vs
98164,98164,,,,,,,,,,,,pqichronic,2011,vs
98165,98165,,,,,,,,,,,,pqichronic,2011,vs
98166,98166,275.7,226.9,331.9,26.166399999999999,0.094915844457342,21242,56,,,111,40264,pqichronic,2011,vs
98168,98168,457.4,408.0,511.2,25.936900000000001,0.056705072146917,34408,156,,,311,67993,pqichronic,2011,vs
98171,98171,,,,,,,,,,,,pqichronic,2011,vs
98174,98174,,,,,,,,,,,,pqichronic,2011,vs
98175,98175,,,,,,,,,,,,pqichronic,2011,vs
98177,98177,141.8,105.0,187.5,20.249600000000001,0.142854320987654,18788,25,,,49,34569,pqichronic,2011,vs
98178,98178,500.8,437.0,571.3,33.686100000000003,0.067267263069611,22697,111,,,221,44131,pqichronic,2011,vs
98188,98188,401.1,344.4,464.6,30.0654,0.074953629836458,22102,89,,,178,44375,pqichronic,2011,vs
98194,98194,,,,,,,,,,,,pqichronic,2011,vs
98195,98195,0.0,0.0,44.0,0,,2902,0,,,0,8372,pqichronic,2011,vs
98198,98198,345.4,302.2,393.0,22.771899999999999,0.065938613001303,34863,115,,,230,66598,pqichronic,2011,vs
98199,98199,105.3,75.9,142.4,16.244499999999999,0.15429806231003,19684,21,,,42,39895,pqichronic,2011,vs
98224,98224,,,,369.87990000000002,0.999999729642046,129,,,,,270,pqichronic,2011,vs
98288,98288,,,,,,,,,,,,pqichronic,2011,vs
